id,creation_time,property1,property2,property3,property4,property5,failed,time_of_death,details,type,max_size,full,role
7,2020-08-14 17:04:08.84322,"{""num_probes"": 4}",,,,,f,,{},Robin_Network,5,t,experiment
6,2020-08-14 17:04:08.842217,"{""num_probes"": 4}",,,,,f,,{},Robin_Network,3,t,experiment
4,2020-08-14 17:04:08.84022,"{""num_probes"": 4}",,,,,f,,{},Robin_Network,4,t,experiment
9,2020-08-14 17:04:08.845484,"{""num_probes"": 4}",,,,,f,,{},Robin_Network,4,t,experiment
1,2020-08-14 17:04:08.835985,"{""num_probes"": 4}",,,,,f,,{},Robin_Network,5,t,experiment
10,2020-08-14 17:04:08.846586,"{""num_probes"": 4}",,,,,f,,{},Robin_Network,4,t,experiment
8,2020-08-14 17:04:08.844196,"{""num_probes"": 4}",,,,,f,,{},Robin_Network,2,t,experiment
2,2020-08-14 17:04:08.83811,"{""num_probes"": 4}",,,,,f,,{},Robin_Network,5,t,experiment
5,2020-08-14 17:04:08.841215,"{""num_probes"": 4}",,,,,f,,{},Robin_Network,4,t,experiment
3,2020-08-14 17:04:08.839222,"{""num_probes"": 4}",,,,,f,,{},Robin_Network,4,t,experiment
