id,creation_time,property1,property2,property3,property4,property5,failed,time_of_death,details,type,network_id,participant_id
14,2020-08-14 17:04:08.927583,"{""pot"": 9.5}","{""round"": 6}","{""snowdrift"": 1}",,,f,,{},pot_of_greed_bot,7,
6,2020-08-14 17:04:08.885136,"{""pot"": 8.0}","{""round"": 6}","{""snowdrift"": 1}",,,f,,{},pot_of_greed_bot,3,
33,2020-08-14 17:07:41.320321,"{""score_in_quiz"": 6, ""last_request"": ""2020-08-14 17:14:33.308805""}","{""prestige"": 0}","{""score_in_pgg"": 106.5, ""round_earnings"": []}","{""leftovers"": 5, ""donation"": 5, ""info_choice"": ""BB""}","{""prestige_list"": [10, 10, 10, 10, 10, 10], ""conform_list"": [5.5, 5.25, 7.0, 6.25, 6.0, 6.75], ""payoff_list"": [2, 3, 3, 2, 2, 2]}",f,,{},probe_node,4,14
11,2020-08-14 17:04:08.912429,,,,,,t,2020-08-14 17:14:01.696537,{},quiz_source,6,
13,2020-08-14 17:04:08.922968,,,,,,t,2020-08-14 17:14:08.275082,{},quiz_source,7,
35,2020-08-14 17:07:55.00229,"{""score_in_quiz"": 5, ""last_request"": ""2020-08-14 17:14:33.849030""}","{""prestige"": 0}","{""score_in_pgg"": 119.5, ""round_earnings"": []}","{""leftovers"": 8, ""donation"": 2, ""info_choice"": ""BB""}","{""prestige_list"": [10, 10, 10, 10, 10, 10], ""conform_list"": [5.5, 5.25, 7.0, 6.25, 6.0, 6.75], ""payoff_list"": [2, 3, 3, 2, 2, 2]}",f,,{},probe_node,4,13
15,2020-08-14 17:04:08.933489,,,,,,t,2020-08-14 17:21:23.669434,{},quiz_source,8,
12,2020-08-14 17:04:08.917174,"{""pot"": 0}","{""round"": 6}","{""snowdrift"": 1}",,,f,,{},pot_of_greed_bot,6,
19,2020-08-14 17:04:08.955359,,,,,,t,2020-08-14 17:31:00.752324,{},quiz_source,10,
17,2020-08-14 17:04:08.943798,,,,,,t,2020-08-14 17:25:34.366108,{},quiz_source,9,
51,2020-08-14 17:15:43.500335,"{""score_in_quiz"": 0, ""last_request"": ""2020-08-14 17:18:39.736658""}","{""prestige"": 0}","{""score_in_pgg"": 0, ""round_earnings"": []}","{""leftovers"": 0, ""donation"": 0, ""info_choice"": ""BB""}","{""prestige_list"": [], ""conform_list"": [], ""payoff_list"": []}",t,2020-08-14 17:18:42.656077,{},probe_node,8,31
29,2020-08-14 17:06:29.545116,"{""score_in_quiz"": 1, ""last_request"": ""2020-08-14 17:12:46.516009""}","{""prestige"": 0}","{""score_in_pgg"": 74.33333333333334, ""round_earnings"": []}","{""leftovers"": 6, ""donation"": 4, ""info_choice"": ""BB""}","{""prestige_list"": [0, 0, 0, 0, 0, 0], ""conform_list"": [5.0, 5.0, 5.666666666666667, 4.666666666666667, 3.3333333333333335, 4.0], ""payoff_list"": [0, 0, 0, 0, 0, 0]}",f,,{},probe_node,3,9
2,2020-08-14 17:04:08.862966,"{""pot"": 8.0}","{""round"": 6}","{""snowdrift"": 1}",,,f,,{},pot_of_greed_bot,1,
34,2020-08-14 17:07:44.271546,"{""score_in_quiz"": 1, ""last_request"": ""2020-08-14 17:14:34.873347""}","{""prestige"": 0}","{""score_in_pgg"": 87.5, ""round_earnings"": []}","{""leftovers"": 0, ""donation"": 10, ""info_choice"": ""BB""}","{""prestige_list"": [10, 10, 10, 10, 10, 10], ""conform_list"": [5.5, 5.25, 7.0, 6.25, 6.0, 6.75], ""payoff_list"": [2, 3, 3, 2, 2, 2]}",f,,{},probe_node,4,16
8,2020-08-14 17:04:08.895654,"{""pot"": 13.5}","{""round"": 6}","{""snowdrift"": 1}",,,f,,{},pot_of_greed_bot,4,
32,2020-08-14 17:07:28.614895,"{""score_in_quiz"": 5, ""last_request"": ""2020-08-14 17:21:09.058451""}","{""prestige"": 0}","{""score_in_pgg"": 0, ""round_earnings"": []}","{""leftovers"": 0, ""donation"": 0, ""info_choice"": ""BB""}","{""prestige_list"": [0], ""conform_list"": [], ""payoff_list"": []}",t,2020-08-14 17:11:20.97555,{},probe_node,3,12
55,2020-08-14 17:21:02.603722,"{""score_in_quiz"": 0, ""last_request"": ""2020-08-14 17:22:24.890968""}","{""prestige"": 0}","{""score_in_pgg"": 0, ""round_earnings"": []}","{""leftovers"": 0, ""donation"": 0, ""info_choice"": ""BB""}","{""prestige_list"": [], ""conform_list"": [], ""payoff_list"": []}",t,2020-08-14 17:22:39.734774,{},probe_node,9,35
58,2020-08-14 17:24:11.505396,"{""score_in_quiz"": 0, ""last_request"": ""2020-08-14 17:26:04.637301""}","{""prestige"": 0}","{""score_in_pgg"": 0, ""round_earnings"": []}","{""leftovers"": 0, ""donation"": 0, ""info_choice"": ""BB""}","{""prestige_list"": [], ""conform_list"": [], ""payoff_list"": []}",t,2020-08-14 17:26:21.190754,{},probe_node,10,38
4,2020-08-14 17:04:08.874413,"{""pot"": 15.5}","{""round"": 6}","{""snowdrift"": 1}",,,f,,{},pot_of_greed_bot,2,
20,2020-08-14 17:04:08.959979,"{""pot"": 9.333333333333334}","{""round"": 6}","{""snowdrift"": 1}",,,f,,{},pot_of_greed_bot,10,
56,2020-08-14 17:22:44.361112,"{""score_in_quiz"": 2, ""last_request"": ""2020-08-14 17:29:22.180111""}","{""prestige"": 0}","{""score_in_pgg"": 109.33333333333334, ""round_earnings"": []}","{""leftovers"": 9, ""donation"": 1, ""info_choice"": ""BB""}","{""prestige_list"": [8, 9, 3, 9, 9, 9], ""conform_list"": [3.6666666666666665, 4.666666666666667, 6.333333333333333, 9.333333333333334, 6.333333333333333, 6.333333333333333], ""payoff_list"": [2, 3, 9, 9, 7, 1]}",f,,{},probe_node,9,36
16,2020-08-14 17:04:08.938001,"{""pot"": 0}","{""round"": 10}","{""snowdrift"": 1}",,,f,,{},pot_of_greed_bot,8,
30,2020-08-14 17:06:47.302749,"{""score_in_quiz"": 6, ""last_request"": ""2020-08-14 17:12:46.114733""}","{""prestige"": 1}","{""score_in_pgg"": 115.33333333333334, ""round_earnings"": []}","{""leftovers"": 10, ""donation"": 0, ""info_choice"": ""BB""}","{""prestige_list"": [0, 0, 0, 0, 0, 0], ""conform_list"": [5.0, 5.0, 5.666666666666667, 4.666666666666667, 3.3333333333333335, 4.0], ""payoff_list"": [0, 0, 0, 0, 0, 0]}",f,,{},probe_node,3,11
9,2020-08-14 17:04:08.901548,,,,,,t,2020-08-14 17:11:03.43356,{},quiz_source,5,
7,2020-08-14 17:04:08.891001,,,,,,t,2020-08-14 17:10:23.353482,{},quiz_source,4,
25,2020-08-14 17:06:19.609812,"{""score_in_quiz"": 3, ""last_request"": ""2020-08-14 17:13:13.104755""}","{""prestige"": 0}","{""score_in_pgg"": 126.0, ""round_earnings"": []}","{""leftovers"": 8, ""donation"": 2, ""info_choice"": ""BB""}","{""prestige_list"": [10, 10, 10, 10, 7, 10], ""conform_list"": [6.75, 9.0, 7.5, 8.0, 6.0, 7.75], ""payoff_list"": [3, 8, 3, 6, 1, 2]}",f,,{},probe_node,2,5
27,2020-08-14 17:06:25.951312,"{""score_in_quiz"": 4, ""last_request"": ""2020-08-14 17:13:13.505597""}","{""prestige"": 1}","{""score_in_pgg"": 93.0, ""round_earnings"": []}","{""leftovers"": 0, ""donation"": 10, ""info_choice"": ""BB""}","{""prestige_list"": [10, 10, 10, 10, 7, 10], ""conform_list"": [6.75, 9.0, 7.5, 8.0, 6.0, 7.75], ""payoff_list"": [3, 8, 3, 6, 1, 2]}",f,,{},probe_node,2,8
28,2020-08-14 17:06:26.275404,"{""score_in_quiz"": 2, ""last_request"": ""2020-08-14 17:13:14.097490""}","{""prestige"": 0}","{""score_in_pgg"": 111.0, ""round_earnings"": []}","{""leftovers"": 1, ""donation"": 9, ""info_choice"": ""BB""}","{""prestige_list"": [10, 10, 10, 10, 7, 10], ""conform_list"": [6.75, 9.0, 7.5, 8.0, 6.0, 7.75], ""payoff_list"": [3, 8, 3, 6, 1, 2]}",f,,{},probe_node,2,10
1,2020-08-14 17:04:08.856399,,,,,,t,2020-08-14 17:08:13.075958,{},quiz_source,1,
5,2020-08-14 17:04:08.880475,,,,,,t,2020-08-14 17:10:17.976684,{},quiz_source,3,
10,2020-08-14 17:04:08.906311,"{""pot"": 11.333333333333334}","{""round"": 6}","{""snowdrift"": 1}",,,f,,{},pot_of_greed_bot,5,
3,2020-08-14 17:04:08.869512,,,,,,t,2020-08-14 17:09:09.666321,{},quiz_source,2,
44,2020-08-14 17:10:03.599275,"{""score_in_quiz"": 5, ""last_request"": ""2020-08-14 17:17:21.265487""}","{""prestige"": 1}","{""score_in_pgg"": 58.0, ""round_earnings"": [0, 0, 0]}","{""leftovers"": 0, ""donation"": 3, ""info_choice"": ""BB""}","{""prestige_list"": [3, 3, 2, 3, 8, 3, 3], ""conform_list"": [6.5, 3.5, 6.0, 5.0, 3.0, 4.0], ""payoff_list"": [3, 2, 3, 8, 3, 3]}",f,,{},probe_node,6,25
43,2020-08-14 17:09:55.317957,"{""score_in_quiz"": 2, ""last_request"": ""2020-08-14 17:17:21.495068""}","{""prestige"": 0}","{""score_in_pgg"": 44.0, ""round_earnings"": [0, 0, 0]}","{""leftovers"": 0, ""donation"": 5, ""info_choice"": ""BB""}","{""prestige_list"": [3, 3, 2, 3, 8, 3, 3], ""conform_list"": [6.5, 3.5, 6.0, 5.0, 3.0, 4.0], ""payoff_list"": [3, 2, 3, 8, 3, 3]}",f,,{},probe_node,6,23
46,2020-08-14 17:11:00.024349,"{""score_in_quiz"": 2, ""last_request"": ""2020-08-14 17:17:00.541309""}","{""prestige"": 0}","{""score_in_pgg"": 99.5, ""round_earnings"": []}","{""leftovers"": 5, ""donation"": 5, ""info_choice"": ""BB""}","{""prestige_list"": [4, 5, 6, 3, 2, 4], ""conform_list"": [7.0, 6.75, 6.75, 6.5, 6.0, 4.75], ""payoff_list"": [4, 5, 6, 3, 2, 4]}",f,,{},probe_node,7,27
42,2020-08-14 17:09:40.832356,"{""score_in_quiz"": 3, ""last_request"": ""2020-08-14 17:17:18.645272""}","{""prestige"": 0}","{""score_in_pgg"": 0, ""round_earnings"": []}","{""leftovers"": 0, ""donation"": 0, ""info_choice"": ""BB""}","{""prestige_list"": [3], ""conform_list"": [], ""payoff_list"": []}",t,2020-08-14 17:15:21.509011,{},probe_node,6,20
47,2020-08-14 17:11:06.088673,"{""score_in_quiz"": 4, ""last_request"": ""2020-08-14 17:17:00.950222""}","{""prestige"": 0}","{""score_in_pgg"": 76.5, ""round_earnings"": []}","{""leftovers"": 0, ""donation"": 10, ""info_choice"": ""BB""}","{""prestige_list"": [4, 5, 6, 3, 2, 4], ""conform_list"": [7.0, 6.75, 6.75, 6.5, 6.0, 4.75], ""payoff_list"": [4, 5, 6, 3, 2, 4]}",f,,{},probe_node,7,26
45,2020-08-14 17:10:04.745653,"{""score_in_quiz"": 5, ""last_request"": ""2020-08-14 17:17:01.358029""}","{""prestige"": 0}","{""score_in_pgg"": 103.5, ""round_earnings"": []}","{""leftovers"": 10, ""donation"": 0, ""info_choice"": ""BB""}","{""prestige_list"": [4, 5, 6, 3, 2, 4], ""conform_list"": [7.0, 6.75, 6.75, 6.5, 6.0, 4.75], ""payoff_list"": [4, 5, 6, 3, 2, 4]}",f,,{},probe_node,7,24
21,2020-08-14 17:05:17.806246,"{""score_in_quiz"": 4, ""last_request"": ""2020-08-14 17:11:10.876309""}","{""prestige"": 1}","{""score_in_pgg"": 100.5, ""round_earnings"": []}","{""leftovers"": 5, ""donation"": 5, ""info_choice"": ""BB""}","{""prestige_list"": [5, 3, 8, 5, 5, 5], ""conform_list"": [8.0, 6.0, 6.5, 5.5, 5.75, 4.0], ""payoff_list"": [5, 3, 8, 0, 0, 0]}",f,,{},probe_node,1,2
38,2020-08-14 17:08:10.844272,"{""score_in_quiz"": 5, ""last_request"": ""2020-08-14 17:13:21.701522""}","{""prestige"": 0}","{""score_in_pgg"": 81.33333333333333, ""round_earnings"": []}","{""leftovers"": 0, ""donation"": 10, ""info_choice"": ""BB""}","{""prestige_list"": [3, 5, 3, 4, 2, 1], ""conform_list"": [7.666666666666667, 7.666666666666667, 6.666666666666667, 7.0, 6.0, 5.666666666666667], ""payoff_list"": [3, 5, 3, 4, 2, 1]}",f,,{},probe_node,5,19
23,2020-08-14 17:05:42.94035,"{""score_in_quiz"": 4, ""last_request"": ""2020-08-14 17:11:10.695985""}","{""prestige"": 0}","{""score_in_pgg"": 111.5, ""round_earnings"": []}","{""leftovers"": 10, ""donation"": 0, ""info_choice"": ""BB""}","{""prestige_list"": [5, 3, 8, 5, 5, 5], ""conform_list"": [8.0, 6.0, 6.5, 5.5, 5.75, 4.0], ""payoff_list"": [5, 3, 8, 0, 0, 0]}",f,,{},probe_node,1,3
37,2020-08-14 17:08:05.775663,"{""score_in_quiz"": 7, ""last_request"": ""2020-08-14 17:13:20.774024""}","{""prestige"": 1}","{""score_in_pgg"": 123.33333333333333, ""round_earnings"": []}","{""leftovers"": 9, ""donation"": 1, ""info_choice"": ""BB""}","{""prestige_list"": [3, 5, 3, 4, 2, 1], ""conform_list"": [7.666666666666667, 7.666666666666667, 6.666666666666667, 7.0, 6.0, 5.666666666666667], ""payoff_list"": [3, 5, 3, 4, 2, 1]}",f,,{},probe_node,5,17
40,2020-08-14 17:09:00.090668,"{""score_in_quiz"": 0, ""last_request"": ""2020-08-14 17:09:20.958326""}","{""prestige"": 0}","{""score_in_pgg"": 0, ""round_earnings"": []}","{""leftovers"": 0, ""donation"": 0, ""info_choice"": ""BB""}","{""prestige_list"": [], ""conform_list"": [], ""payoff_list"": []}",t,2020-08-14 17:09:31.068625,{},probe_node,5,21
49,2020-08-14 17:12:05.01974,"{""score_in_quiz"": 3, ""last_request"": ""2020-08-14 17:38:41.468717""}","{""prestige"": 0}","{""score_in_pgg"": 162.33333333333331, ""round_earnings"": [0, 0, 0]}","{""leftovers"": 0, ""donation"": 2, ""info_choice"": ""BB""}","{""prestige_list"": [8, 8, 8, 8, 7, 8], ""conform_list"": [6.333333333333333, 9.0, 7.0, 8.333333333333334, 3.0, 7.0, 6.0, 7.5, 1.5, 2.0], ""payoff_list"": [10, 10, 6, 10, 2, 4, 5, 10, 1, 2]}",t,2020-08-14 17:39:01.373668,{},probe_node,8,29
24,2020-08-14 17:05:49.460458,"{""score_in_quiz"": 4, ""last_request"": ""2020-08-14 17:11:10.759821""}","{""prestige"": 0}","{""score_in_pgg"": 89.5, ""round_earnings"": []}","{""leftovers"": 4, ""donation"": 6, ""info_choice"": ""BB""}","{""prestige_list"": [5, 3, 8, 5, 5, 5], ""conform_list"": [8.0, 6.0, 6.5, 5.5, 5.75, 4.0], ""payoff_list"": [5, 3, 8, 0, 0, 0]}",f,,{},probe_node,1,6
53,2020-08-14 17:18:46.550944,"{""score_in_quiz"": 2, ""last_request"": ""2020-08-14 17:28:00.318355""}","{""prestige"": 0}","{""score_in_pgg"": 0, ""round_earnings"": []}","{""leftovers"": 0, ""donation"": 0, ""info_choice"": ""BB""}","{""prestige_list"": [8], ""conform_list"": [], ""payoff_list"": []}",t,2020-08-14 17:27:43.180747,{},probe_node,9,33
62,2020-08-14 17:27:16.757576,"{""score_in_quiz"": 2, ""last_request"": ""2020-08-14 17:31:02.116006""}","{""prestige"": 0}","{""score_in_pgg"": 0, ""round_earnings"": []}","{""leftovers"": 0, ""donation"": 0, ""info_choice"": ""BB""}","{""prestige_list"": [2], ""conform_list"": [], ""payoff_list"": []}",t,2020-08-14 17:32:02.481342,{},probe_node,10,42
18,2020-08-14 17:04:08.949234,"{""pot"": 12.666666666666666}","{""round"": 6}","{""snowdrift"": 1}",,,f,,{},pot_of_greed_bot,9,
41,2020-08-14 17:09:06.216332,"{""score_in_quiz"": 0, ""last_request"": ""2020-08-14 17:10:25.971973""}","{""prestige"": 0}","{""score_in_pgg"": 0, ""round_earnings"": []}","{""leftovers"": 0, ""donation"": 0, ""info_choice"": ""BB""}","{""prestige_list"": [], ""conform_list"": [], ""payoff_list"": []}",t,2020-08-14 17:11:23.764942,{},probe_node,6,22
22,2020-08-14 17:05:31.374884,"{""score_in_quiz"": 2, ""last_request"": ""2020-08-14 17:11:10.835414""}","{""prestige"": 0}","{""score_in_pgg"": 81.5, ""round_earnings"": []}","{""leftovers"": 5, ""donation"": 5, ""info_choice"": ""BB""}","{""prestige_list"": [5, 3, 8, 5, 5, 5], ""conform_list"": [8.0, 6.0, 6.5, 5.5, 5.75, 4.0], ""payoff_list"": [5, 3, 8, 0, 0, 0]}",f,,{},probe_node,1,4
26,2020-08-14 17:06:20.405173,"{""score_in_quiz"": 4, ""last_request"": ""2020-08-14 17:13:14.721666""}","{""prestige"": 0}","{""score_in_pgg"": 90.0, ""round_earnings"": []}","{""leftovers"": 0, ""donation"": 10, ""info_choice"": ""BB""}","{""prestige_list"": [10, 10, 10, 10, 7, 10], ""conform_list"": [6.75, 9.0, 7.5, 8.0, 6.0, 7.75], ""payoff_list"": [3, 8, 3, 6, 1, 2]}",f,,{},probe_node,2,7
60,2020-08-14 17:26:21.376721,"{""score_in_quiz"": 5, ""last_request"": ""2020-08-14 17:33:17.551350""}","{""prestige"": 0}","{""score_in_pgg"": 66.66666666666666, ""round_earnings"": []}","{""leftovers"": 2, ""donation"": 8, ""info_choice"": ""BB""}","{""prestige_list"": [2, 7, 6, 7, 5, 6], ""conform_list"": [3.6666666666666665, 5.0, 4.666666666666667, 5.0, 4.333333333333333, 4.666666666666667], ""payoff_list"": [1, 0, 0, 0, 0, 0]}",f,,{},probe_node,10,39
48,2020-08-14 17:11:50.772308,"{""score_in_quiz"": 5, ""last_request"": ""2020-08-14 17:17:00.831036""}","{""prestige"": 1}","{""score_in_pgg"": 111.5, ""round_earnings"": []}","{""leftovers"": 6, ""donation"": 4, ""info_choice"": ""BB""}","{""prestige_list"": [4, 5, 6, 3, 2, 4], ""conform_list"": [7.0, 6.75, 6.75, 6.5, 6.0, 4.75], ""payoff_list"": [4, 5, 6, 3, 2, 4]}",f,,{},probe_node,7,28
39,2020-08-14 17:08:52.007843,"{""score_in_quiz"": 3, ""last_request"": ""2020-08-14 17:13:21.689693""}","{""prestige"": 0}","{""score_in_pgg"": 97.33333333333333, ""round_earnings"": []}","{""leftovers"": 4, ""donation"": 6, ""info_choice"": ""BB""}","{""prestige_list"": [3, 5, 3, 4, 2, 1], ""conform_list"": [7.666666666666667, 7.666666666666667, 6.666666666666667, 7.0, 6.0, 5.666666666666667], ""payoff_list"": [3, 5, 3, 4, 2, 1]}",f,,{},probe_node,5,1
31,2020-08-14 17:07:13.632929,"{""score_in_quiz"": 5, ""last_request"": ""2020-08-14 17:12:46.353169""}","{""prestige"": 0}","{""score_in_pgg"": 76.33333333333334, ""round_earnings"": []}","{""leftovers"": 2, ""donation"": 8, ""info_choice"": ""BB""}","{""prestige_list"": [0, 0, 0, 0, 0, 0], ""conform_list"": [5.0, 5.0, 5.666666666666667, 4.666666666666667, 3.3333333333333335, 4.0], ""payoff_list"": [0, 0, 0, 0, 0, 0]}",f,,{},probe_node,3,15
61,2020-08-14 17:27:09.300075,"{""score_in_quiz"": 5, ""last_request"": ""2020-08-14 17:33:18.036363""}","{""prestige"": 0}","{""score_in_pgg"": 122.66666666666666, ""round_earnings"": []}","{""leftovers"": 10, ""donation"": 0, ""info_choice"": ""BB""}","{""prestige_list"": [2, 7, 6, 7, 5, 6], ""conform_list"": [3.6666666666666665, 5.0, 4.666666666666667, 5.0, 4.333333333333333, 4.666666666666667], ""payoff_list"": [1, 0, 0, 0, 0, 0]}",f,,{},probe_node,10,41
36,2020-08-14 17:08:00.696717,"{""score_in_quiz"": 7, ""last_request"": ""2020-08-14 17:14:34.184222""}","{""prestige"": 1}","{""score_in_pgg"": 73.5, ""round_earnings"": []}","{""leftovers"": 0, ""donation"": 10, ""info_choice"": ""BB""}","{""prestige_list"": [10, 10, 10, 10, 10, 10], ""conform_list"": [5.5, 5.25, 7.0, 6.25, 6.0, 6.75], ""payoff_list"": [2, 3, 3, 2, 2, 2]}",t,2020-08-14 17:16:02.049559,{},probe_node,4,18
50,2020-08-14 17:15:18.227624,"{""score_in_quiz"": 4, ""last_request"": ""2020-08-14 17:31:10.702461""}","{""prestige"": 1}","{""score_in_pgg"": 85.33333333333333, ""round_earnings"": [0]}","{""leftovers"": 2, ""donation"": 8, ""info_choice"": ""BB""}","{""prestige_list"": [8, 8, 8, 8, 7, 8], ""conform_list"": [6.333333333333333, 9.0, 7.0, 8.333333333333334, 3.0, 7.0], ""payoff_list"": [10, 10, 6, 10, 2, 4]}",t,2020-08-14 17:32:11.319383,{},probe_node,8,30
59,2020-08-14 17:26:21.043408,"{""score_in_quiz"": 5, ""last_request"": ""2020-08-14 17:33:18.340335""}","{""prestige"": 1}","{""score_in_pgg"": 81.66666666666666, ""round_earnings"": []}","{""leftovers"": 4, ""donation"": 6, ""info_choice"": ""BB""}","{""prestige_list"": [2, 7, 6, 7, 5, 6], ""conform_list"": [3.6666666666666665, 5.0, 4.666666666666667, 5.0, 4.333333333333333, 4.666666666666667], ""payoff_list"": [1, 0, 0, 0, 0, 0]}",f,,{},probe_node,10,40
52,2020-08-14 17:18:38.426374,"{""score_in_quiz"": 3, ""last_request"": ""2020-08-14 17:44:27.063672""}","{""prestige"": 0}","{""score_in_pgg"": 102.33333333333333, ""round_earnings"": [0, 0, 0]}","{""leftovers"": 0, ""donation"": 7, ""info_choice"": ""BB""}","{""prestige_list"": [8, 8, 8, 8, 7, 8], ""conform_list"": [6.333333333333333, 9.0, 7.0, 8.333333333333334, 3.0, 7.0, 6.0, 7.5, 1.5, 2.0], ""payoff_list"": [10, 10, 6, 10, 2, 4, 5, 10, 1, 2]}",f,,{},probe_node,8,32
57,2020-08-14 17:22:53.504344,"{""score_in_quiz"": 3, ""last_request"": ""2020-08-14 17:29:21.985771""}","{""prestige"": 0}","{""score_in_pgg"": 102.33333333333334, ""round_earnings"": []}","{""leftovers"": 1, ""donation"": 9, ""info_choice"": ""BB""}","{""prestige_list"": [8, 9, 3, 9, 9, 9], ""conform_list"": [3.6666666666666665, 4.666666666666667, 6.333333333333333, 9.333333333333334, 6.333333333333333, 6.333333333333333], ""payoff_list"": [2, 3, 9, 9, 7, 1]}",f,,{},probe_node,9,37
54,2020-08-14 17:20:35.992922,"{""score_in_quiz"": 4, ""last_request"": ""2020-08-14 17:29:22.183479""}","{""prestige"": 1}","{""score_in_pgg"": 86.33333333333334, ""round_earnings"": []}","{""leftovers"": 1, ""donation"": 9, ""info_choice"": ""BB""}","{""prestige_list"": [8, 9, 3, 9, 9, 9], ""conform_list"": [3.6666666666666665, 4.666666666666667, 6.333333333333333, 9.333333333333334, 6.333333333333333, 6.333333333333333], ""payoff_list"": [2, 3, 9, 9, 7, 1]}",f,,{},probe_node,9,34
