id,creation_time,property1,property2,property3,property4,property5,failed,time_of_death,details,assignment_id,event_type
1,2020-08-14 17:04:35.80146,,,,,,f,,{},3907X2AHF1E1ZRS9LH3MEEJ6GGEP2U,AssignmentAccepted
2,2020-08-14 17:04:35.833235,,,,,,f,,{},3NQL1CS15SH45WIC0EJGTA9THJAYV5,AssignmentAccepted
3,2020-08-14 17:04:35.858969,,,,,,f,,{},3ND9UOO81LBXKMBI79ZML4QBFD8WLL,AssignmentAccepted
4,2020-08-14 17:04:35.887963,,,,,,f,,{},34PGFRQONPKRPWNI4ON95PDJBO3WJJ,AssignmentAccepted
5,2020-08-14 17:04:35.916323,,,,,,f,,{},3DQQ64TANHUNB7QGZ1ST2LZVKN9WPJ,AssignmentAccepted
6,2020-08-14 17:04:35.943632,,,,,,f,,{},3LKC68YZ3BC5Q7EFK1FEDLU5AIDWO2,AssignmentAccepted
7,2020-08-14 17:04:40.703429,,,,,,f,,{},3RRCEFRB7NL9YB6M6Q49C9BFJQW4BL,AssignmentAccepted
8,2020-08-14 17:04:40.732165,,,,,,f,,{},3IUZPWIU1PGM0GT0M9NL64DWQD3WKI,AssignmentAccepted
9,2020-08-14 17:04:40.761122,,,,,,f,,{},35GCEFQ6I6XKYDQYCQFTOMQCWTLZ30,AssignmentAccepted
10,2020-08-14 17:04:40.815091,,,,,,f,,{},3WI0P0II6219EE64VYRSFSAPEPRRDX,AssignmentAccepted
11,2020-08-14 17:04:40.842779,,,,,,f,,{},3H0W84IWBLBE6KK4RT2CLASAE1SREQ,AssignmentAccepted
12,2020-08-14 17:04:40.870811,,,,,,f,,{},3Z7VU45IPZQOOACJPM1A0TBFY97Z18,AssignmentAccepted
13,2020-08-14 17:04:40.899804,,,,,,f,,{},3J4Q2Z4UTZC8BJRVZE7I2QP5PJVWQA,AssignmentAccepted
14,2020-08-14 17:04:40.928712,,,,,,f,,{},30LB5CDZNDJOHLR1T3XAMOS5TH20Z7,AssignmentAccepted
15,2020-08-14 17:04:40.958291,,,,,,f,,{},3LUY3GC63098LSPFRTKHA50ERW0P7A,AssignmentAccepted
16,2020-08-14 17:04:40.986757,,,,,,f,,{},3VFJCI1K408CQYGVXOS0LDDMRH7RG7,AssignmentAccepted
17,2020-08-14 17:04:41.015931,,,,,,f,,{},3LRKMWOKB6QVDVUF8Q1O5CLKQFLZ2P,AssignmentAccepted
18,2020-08-14 17:04:41.043231,,,,,,f,,{},3D8YOU6S9FT29XJ6P5EJEXNH428U6C,AssignmentAccepted
19,2020-08-14 17:04:41.070544,,,,,,f,,{},3NG53N1RLWSCL6UY1YCNO5W92G78PH,AssignmentAccepted
20,2020-08-14 17:04:41.169788,,,,,,f,,{},3LPW2N6LKUB6QTJSKM4EMR9H87XU5W,AssignmentAccepted
21,2020-08-14 17:04:41.199689,,,,,,f,,{},37U1UTWH9WVXXJADEQGCT0WO3YV8R9,AssignmentAccepted
22,2020-08-14 17:04:41.227816,,,,,,f,,{},35USIKEBNSPPE7ZXS42X02VNW6G6NX,AssignmentAccepted
23,2020-08-14 17:04:41.25481,,,,,,f,,{},3VW6495TLK9L9QDH5P6009DNZ0CYYE,AssignmentAccepted
24,2020-08-14 17:04:41.329716,,,,,,f,,{},3PW9OPU9PRTYIZ970FSWDI18D09123,AssignmentAccepted
25,2020-08-14 17:04:41.405039,,,,,,f,,{},3XCC1ODXDMK33NA90KXCFRHOX4GRQ2,AssignmentAccepted
26,2020-08-14 17:04:41.647936,,,,,,f,,{},3CFVK00FWMUZQ7WCGRMINARYRBG6LV,AssignmentAccepted
27,2020-08-14 17:04:42.001663,,,,,,f,,{},3ZV9H2YQQEGG4ILT13VMPIWUFRI3WF,AssignmentAccepted
28,2020-08-14 17:04:42.032018,,,,,,f,,{},3HVVDCPGTF1PS4ENVJJ1SSL8KYUYTP,AssignmentAccepted
29,2020-08-14 17:04:42.061239,,,,,,f,,{},3OUYGIZWR87U3HPV6UZ8VQQRJIUP0A,AssignmentAccepted
30,2020-08-14 17:04:42.095686,,,,,,f,,{},3TE22NPXPCLPDCLDRBUM4V599YF44F,AssignmentAccepted
31,2020-08-14 17:04:42.125034,,,,,,f,,{},3O6CYIULEEA03CYCGNRNCRMUS41WUF,AssignmentAccepted
32,2020-08-14 17:04:43.118075,,,,,,f,,{},3TU5ZICBREAXLIVD1BRCOAMJ7CT8Q8,AssignmentAccepted
33,2020-08-14 17:04:43.146447,,,,,,f,,{},3YDTZAI2WYP8LDOU4TBK6XY6XE5412,AssignmentAccepted
34,2020-08-14 17:04:43.17439,,,,,,f,,{},3ZSY5X72NYK0IBXTL758QMMOI3YROU,AssignmentAccepted
35,2020-08-14 17:04:43.202266,,,,,,f,,{},37WLF8U1WQZO61EUVRAH8AEJ2BB6KS,AssignmentAccepted
36,2020-08-14 17:04:43.23047,,,,,,f,,{},3EJJQNKU9SEQQUB6HUAI6DPN6HKRH6,AssignmentAccepted
37,2020-08-14 17:04:43.258073,,,,,,f,,{},3KKG4CDWKJ7QAIRP86QDL3GPVQT49B,AssignmentAccepted
38,2020-08-14 17:04:43.28681,,,,,,f,,{},3Z7ISHFUH146ZAW4O7APF3YNCFE8Z2,AssignmentAccepted
39,2020-08-14 17:04:43.320477,,,,,,f,,{},33CKWXB73KTRTERBHBSI8ZR3LUV11M,AssignmentAccepted
40,2020-08-14 17:04:43.34963,,,,,,f,,{},37TRT2X24R0Z1TP79XRDIB0Y1NMBJJ,AssignmentAccepted
41,2020-08-14 17:04:43.378195,,,,,,f,,{},3X0H8UUIT2XKOZ68RIWNXQ4677GWSZ,AssignmentAccepted
42,2020-08-14 17:04:43.406221,,,,,,f,,{},33FOTY3KENUBGH19X8H2PVAUPRM1CC,AssignmentAccepted
43,2020-08-14 17:04:46.137062,,,,,,f,,{},3IX2EGZR7CSMH06W5UD3IQ52J9ORJB,AssignmentAccepted
44,2020-08-14 17:04:46.164967,,,,,,f,,{},35GCEFQ6I6XKYDQYCQFTOMQCWTM3Z5,AssignmentAccepted
45,2020-08-14 17:04:46.218903,,,,,,f,,{},3M68NM076IGAT5RPLBJE9M0XX356RL,AssignmentAccepted
46,2020-08-14 17:04:46.246277,,,,,,f,,{},3I0BTBYZAYUOCVHWXHVR8HJ3NNY0YG,AssignmentAccepted
47,2020-08-14 17:04:46.273451,,,,,,f,,{},3YWRV122CT8PDB2UIKBHYBJ8AXZ8UD,AssignmentAccepted
48,2020-08-14 17:04:46.30177,,,,,,f,,{},35DR22AR5ETVTIQJB8R8R1A1OTO3X8,AssignmentAccepted
49,2020-08-14 17:04:46.329667,,,,,,f,,{},3M0NZ3JDP27NCSD2Q93M3JOWAPCZ5Q,AssignmentAccepted
50,2020-08-14 17:04:52.593392,,,,,,f,,{},3JW0YLFXRUPDVGNHBN6OUF7RDKCWWE,AssignmentAccepted
51,2020-08-14 17:05:00.854784,,,,,,f,,{},37WLF8U1WQZO61EUVRAH8AEJ2BB6KS,AssignmentReturned
52,2020-08-14 17:05:00.965741,,,,,,f,,{},37WLF8U1WQZO61EUVRAH8AEJ2BB6KS,AssignmentAccepted
53,2020-08-14 17:06:40.554406,,,,,,f,,{},33CKWXB73KTRTERBHBSI8ZR3LUV11M,AssignmentReturned
54,2020-08-14 17:06:45.192579,,,,,,f,,{},33CKWXB73KTRTERBHBSI8ZR3LUV11M,AssignmentAccepted
55,2020-08-14 17:08:13.826974,,,,,,f,,{},3EJJQNKU9SEQQUB6HUAI6DPN6HKRH6,AssignmentAccepted
56,2020-08-14 17:08:13.855485,,,,,,f,,{},3EJJQNKU9SEQQUB6HUAI6DPN6HKRH6,AssignmentReturned
57,2020-08-14 17:09:31.046674,,,,,,f,,{},3LKC68YZ3BC5Q7EFK1FEDLU5AIDWO2,AssignmentReturned
58,2020-08-14 17:10:00.900624,,,,,,f,,{},37C0GNLMHGCGSV8K3AOU4XJTI2FD6N,AssignmentAccepted
59,2020-08-14 17:11:14.196338,,,,,,f,,{},34PGFRQONPKRPWNI4ON95PDJBO3WJJ,AssignmentReturned
60,2020-08-14 17:11:14.233516,,,,,,f,,{},34PGFRQONPKRPWNI4ON95PDJBO3WJJ,AssignmentAccepted
61,2020-08-14 17:11:23.748154,,,,,,f,,{},3KKG4CDWKJ7QAIRP86QDL3GPVQT49B,AssignmentReturned
62,2020-08-14 17:11:37.983833,,,,,,f,,{},3KKG4CDWKJ7QAIRP86QDL3GPVQT49B,AssignmentAccepted
63,2020-08-14 17:11:47.709356,,,,,,f,,{},34PGFRQONPKRPWNI4ON95PDJBO3WJJ,AssignmentReturned
64,2020-08-14 17:12:08.980037,,,,,,f,,{},34PGFRQONPKRPWNI4ON95PDJBO3WJJ,AssignmentAccepted
65,2020-08-14 17:12:50.773917,,,,,,f,,{},30LB5CDZNDJOHLR1T3XAMOS5TH20Z7,AssignmentSubmitted
66,2020-08-14 17:12:50.910263,,,,,,f,,{},3PW9OPU9PRTYIZ970FSWDI18D09123,AssignmentSubmitted
67,2020-08-14 17:13:58.628814,,,,,,f,,{},37U1UTWH9WVXXJADEQGCT0WO3YV8R9,AssignmentSubmitted
68,2020-08-14 17:13:58.711928,,,,,,f,,{},3I0BTBYZAYUOCVHWXHVR8HJ3NNY0YG,AssignmentSubmitted
69,2020-08-14 17:14:28.300783,,,,,,f,,{},3907X2AHF1E1ZRS9LH3MEEJ6GGEP2U,AssignmentSubmitted
70,2020-08-14 17:14:54.707842,,,,,,f,,{},3M68NM076IGAT5RPLBJE9M0XX356RL,AssignmentSubmitted
71,2020-08-14 17:14:55.0062,,,,,,f,,{},3CFVK00FWMUZQ7WCGRMINARYRBG6LV,AssignmentSubmitted
72,2020-08-14 17:15:10.155426,,,,,,f,,{},3OUYGIZWR87U3HPV6UZ8VQQRJIUP0A,AssignmentSubmitted
73,2020-08-14 17:15:16.800564,,,,,,f,,{},33CKWXB73KTRTERBHBSI8ZR3LUV11M,AssignmentSubmitted
74,2020-08-14 17:15:16.893353,,,,,,f,,{},35DR22AR5ETVTIQJB8R8R1A1OTO3X8,AssignmentSubmitted
75,2020-08-14 17:15:20.688572,,,,,,f,,{},3D8YOU6S9FT29XJ6P5EJEXNH428U6C,AssignmentSubmitted
76,2020-08-14 17:15:32.281002,,,,,,f,,{},3DQQ64TANHUNB7QGZ1ST2LZVKN9WPJ,AssignmentSubmitted
77,2020-08-14 17:16:02.030441,,,,,,f,,{},3IX2EGZR7CSMH06W5UD3IQ52J9ORJB,AssignmentReturned
78,2020-08-14 17:16:11.746641,,,,,,f,,{},3IX2EGZR7CSMH06W5UD3IQ52J9ORJB,AssignmentAccepted
79,2020-08-14 17:16:29.756377,,,,,,f,,{},33FOTY3KENUBGH19X8H2PVAUPRM1CC,AssignmentSubmitted
80,2020-08-14 17:17:08.673202,,,,,,f,,{},3VW6495TLK9L9QDH5P6009DNZ0CYYE,AssignmentSubmitted
81,2020-08-14 17:17:32.714685,,,,,,f,,{},3TE22NPXPCLPDCLDRBUM4V599YF44F,AssignmentSubmitted
88,2020-08-14 17:18:55.926542,,,,,,f,,{},3Z7VU45IPZQOOACJPM1A0TBFY97Z18,AssignmentSubmitted
82,2020-08-14 17:17:32.806509,,,,,,f,,{},3J4Q2Z4UTZC8BJRVZE7I2QP5PJVWQA,AssignmentSubmitted
83,2020-08-14 17:17:42.765998,,,,,,f,,{},37TRT2X24R0Z1TP79XRDIB0Y1NMBJJ,AssignmentSubmitted
84,2020-08-14 17:18:22.591067,,,,,,f,,{},37C0GNLMHGCGSV8K3AOU4XJTI2FD6N,AssignmentSubmitted
85,2020-08-14 17:18:42.639549,,,,,,f,,{},3WI0P0II6219EE64VYRSFSAPEPRRDX,AssignmentReturned
86,2020-08-14 17:18:46.233373,,,,,,f,,{},3WI0P0II6219EE64VYRSFSAPEPRRDX,AssignmentAccepted
87,2020-08-14 17:18:55.844738,,,,,,f,,{},3EJJQNKU9SEQQUB6HUAI6DPN6HKRH6,AssignmentSubmitted
89,2020-08-14 17:18:56.043595,,,,,,f,,{},3RRCEFRB7NL9YB6M6Q49C9BFJQW4BL,AssignmentSubmitted
90,2020-08-14 17:18:56.167408,,,,,,f,,{},3ZV9H2YQQEGG4ILT13VMPIWUFRI3WF,AssignmentSubmitted
91,2020-08-14 17:19:13.342106,,,,,,f,,{},3LRKMWOKB6QVDVUF8Q1O5CLKQFLZ2P,AssignmentSubmitted
92,2020-08-14 17:20:21.304849,,,,,,f,,{},3WI0P0II6219EE64VYRSFSAPEPRRDX,AssignmentReturned
93,2020-08-14 17:20:21.359514,,,,,,f,,{},3WI0P0II6219EE64VYRSFSAPEPRRDX,AssignmentAccepted
94,2020-08-14 17:20:29.311846,,,,,,f,,{},3WI0P0II6219EE64VYRSFSAPEPRRDX,AssignmentReturned
95,2020-08-14 17:20:39.009777,,,,,,f,,{},3WI0P0II6219EE64VYRSFSAPEPRRDX,AssignmentAccepted
96,2020-08-14 17:21:09.620537,,,,,,f,,{},3X0H8UUIT2XKOZ68RIWNXQ4677GWSZ,AssignmentReturned
97,2020-08-14 17:21:09.660985,,,,,,f,,{},3X0H8UUIT2XKOZ68RIWNXQ4677GWSZ,AssignmentAccepted
98,2020-08-14 17:22:39.718026,,,,,,f,,{},3VFJCI1K408CQYGVXOS0LDDMRH7RG7,AssignmentReturned
99,2020-08-14 17:22:44.173184,,,,,,f,,{},35USIKEBNSPPE7ZXS42X02VNW6G6NX,AssignmentReturned
100,2020-08-14 17:22:44.221986,,,,,,f,,{},35USIKEBNSPPE7ZXS42X02VNW6G6NX,AssignmentAccepted
101,2020-08-14 17:22:45.444745,,,,,,f,,{},3VFJCI1K408CQYGVXOS0LDDMRH7RG7,AssignmentAccepted
102,2020-08-14 17:23:31.63173,,,,,,f,,{},3HVVDCPGTF1PS4ENVJJ1SSL8KYUYTP,AssignmentReturned
103,2020-08-14 17:23:37.536822,,,,,,f,,{},3HVVDCPGTF1PS4ENVJJ1SSL8KYUYTP,AssignmentAccepted
104,2020-08-14 17:24:31.143316,,,,,,f,,{},3YDTZAI2WYP8LDOU4TBK6XY6XE5412,AssignmentReturned
105,2020-08-14 17:24:44.038204,,,,,,f,,{},3YDTZAI2WYP8LDOU4TBK6XY6XE5412,AssignmentAccepted
106,2020-08-14 17:26:13.651293,,,,,,f,,{},3O6CYIULEEA03CYCGNRNCRMUS41WUF,AssignmentReturned
107,2020-08-14 17:26:21.145476,,,,,,f,,{},3Z7ISHFUH146ZAW4O7APF3YNCFE8Z2,AssignmentAccepted
108,2020-08-14 17:26:21.175177,,,,,,f,,{},3Z7ISHFUH146ZAW4O7APF3YNCFE8Z2,AssignmentReturned
109,2020-08-14 17:26:22.605718,,,,,,f,,{},3O6CYIULEEA03CYCGNRNCRMUS41WUF,AssignmentAccepted
110,2020-08-14 17:27:55.822282,,,,,,f,,{},37WLF8U1WQZO61EUVRAH8AEJ2BB6KS,AssignmentAccepted
111,2020-08-14 17:27:55.85128,,,,,,f,,{},37WLF8U1WQZO61EUVRAH8AEJ2BB6KS,AssignmentReturned
112,2020-08-14 17:28:07.820424,,,,,,f,,"{""feedback"": ""default"", ""error_text"": ""There has been an error and so you are unable to continue, sorry!"", ""error_type"": ""default"", ""request_data"": {""data"": ""{}"", ""route"": ""/node/44"", ""hit_id"": ""33W1NHWFYHUNBAQY12GJHGZNLP6TZV"", ""method"": ""post"", ""worker_id"": ""A3P2N1KRT5L3J5"", ""participant_id"": null}}",3WI0P0II6219EE64VYRSFSAPEPRRDX,ExperimentError
113,2020-08-14 17:29:24.600694,,,,,,f,,"{""feedback"": ""already_started_exp_mturk"", ""error_text"": ""There has been an error and so you are unable to continue, sorry!"", ""error_type"": ""already_started_exp_mturk"", ""request_data"": {""hit_id"": null, ""worker_id"": null, ""participant_id"": null}}",unknown,ExperimentError
114,2020-08-14 17:30:21.487988,,,,,,f,,{},3NG53N1RLWSCL6UY1YCNO5W92G78PH,AssignmentReturned
115,2020-08-14 17:30:21.516581,,,,,,f,,{},3NG53N1RLWSCL6UY1YCNO5W92G78PH,AssignmentAccepted
116,2020-08-14 17:30:23.38684,,,,,,f,,"{""feedback"": ""A3JZERPFI290EM"", ""error_text"": ""There has been an error and so you are unable to continue, sorry!"", ""error_type"": ""already_started_exp_mturk"", ""request_data"": {""hit_id"": null, ""worker_id"": null, ""participant_id"": null}}",unknown,ExperimentError
117,2020-08-14 17:30:37.488751,,,,,,f,,{},3LPW2N6LKUB6QTJSKM4EMR9H87XU5W,AssignmentSubmitted
118,2020-08-14 17:30:37.639802,,,,,,f,,{},3ZSY5X72NYK0IBXTL758QMMOI3YROU,AssignmentSubmitted
119,2020-08-14 17:31:48.303751,,,,,,f,,"{""feedback"": ""good"", ""error_text"": ""There has been an error and so you are unable to continue, sorry!"", ""error_type"": ""already_started_exp_mturk"", ""request_data"": {""hit_id"": null, ""worker_id"": null, ""participant_id"": null}}",unknown,ExperimentError
120,2020-08-14 17:32:18.17811,,,,,,f,,{},3Z7ISHFUH146ZAW4O7APF3YNCFE8Z2,AssignmentReturned
121,2020-08-14 17:32:18.972144,,,,,,f,,{},3YWRV122CT8PDB2UIKBHYBJ8AXZ8UD,AssignmentSubmitted
122,2020-08-14 17:32:24.721493,,,,,,f,,{},3Z7ISHFUH146ZAW4O7APF3YNCFE8Z2,AssignmentAccepted
123,2020-08-14 17:34:40.981658,,,,,,f,,{},3IUZPWIU1PGM0GT0M9NL64DWQD3WKI,AssignmentAccepted
124,2020-08-14 17:34:41.032565,,,,,,f,,{},3IUZPWIU1PGM0GT0M9NL64DWQD3WKI,AssignmentAbandoned
125,2020-08-14 17:34:44.152972,,,,,,f,,{},3TU5ZICBREAXLIVD1BRCOAMJ7CT8Q8,AssignmentAbandoned
126,2020-08-14 17:34:44.966079,,,,,,f,,{},3XCC1ODXDMK33NA90KXCFRHOX4GRQ2,AssignmentSubmitted
127,2020-08-14 17:34:45.051269,,,,,,f,,{},3YDTZAI2WYP8LDOU4TBK6XY6XE5412,AssignmentSubmitted
128,2020-08-14 17:34:47.331595,,,,,,f,,{},3TU5ZICBREAXLIVD1BRCOAMJ7CT8Q8,AssignmentAccepted
129,2020-08-14 17:34:49.40294,,,,,,f,,{},3M0NZ3JDP27NCSD2Q93M3JOWAPCZ5Q,AssignmentAccepted
130,2020-08-14 17:34:49.459052,,,,,,f,,{},3M0NZ3JDP27NCSD2Q93M3JOWAPCZ5Q,AssignmentAbandoned
131,2020-08-14 17:34:49.486138,,,,,,f,,{},35GCEFQ6I6XKYDQYCQFTOMQCWTM3Z5,AssignmentAbandoned
132,2020-08-14 17:34:55.962578,,,,,,f,,{},3NQL1CS15SH45WIC0EJGTA9THJAYV5,AssignmentAbandoned
133,2020-08-14 17:34:55.99019,,,,,,f,,{},3ND9UOO81LBXKMBI79ZML4QBFD8WLL,AssignmentAbandoned
134,2020-08-14 17:34:59.252522,,,,,,f,,{},3H0W84IWBLBE6KK4RT2CLASAE1SREQ,AssignmentAbandoned
135,2020-08-14 17:34:59.31651,,,,,,f,,{},3LUY3GC63098LSPFRTKHA50ERW0P7A,AssignmentAbandoned
136,2020-08-14 17:34:59.438,,,,,,f,,{},3LUY3GC63098LSPFRTKHA50ERW0P7A,AssignmentAccepted
137,2020-08-14 17:34:59.468216,,,,,,f,,{},35GCEFQ6I6XKYDQYCQFTOMQCWTLZ30,AssignmentAccepted
138,2020-08-14 17:34:59.505327,,,,,,f,,{},3H0W84IWBLBE6KK4RT2CLASAE1SREQ,AssignmentAccepted
139,2020-08-14 17:34:59.533037,,,,,,f,,{},35GCEFQ6I6XKYDQYCQFTOMQCWTLZ30,AssignmentAbandoned
140,2020-08-14 17:35:02.410611,,,,,,f,,{},35GCEFQ6I6XKYDQYCQFTOMQCWTM3Z5,AssignmentAccepted
141,2020-08-14 17:35:09.687967,,,,,,f,,{},3NQL1CS15SH45WIC0EJGTA9THJAYV5,AssignmentAccepted
142,2020-08-14 17:35:09.81918,,,,,,f,,{},3ND9UOO81LBXKMBI79ZML4QBFD8WLL,AssignmentAccepted
143,2020-08-14 17:35:11.051679,,,,,,f,,{},3JW0YLFXRUPDVGNHBN6OUF7RDKCWWE,AssignmentAccepted
144,2020-08-14 17:35:11.08697,,,,,,f,,{},3JW0YLFXRUPDVGNHBN6OUF7RDKCWWE,AssignmentAbandoned
147,2020-08-14 17:36:39.664152,,,,,,f,,{},35GCEFQ6I6XKYDQYCQFTOMQCWTLZ30,AssignmentReturned
148,2020-08-14 17:36:46.527849,,,,,,f,,{},35GCEFQ6I6XKYDQYCQFTOMQCWTLZ30,AssignmentAccepted
149,2020-08-14 17:37:09.200777,,,,,,f,,{},37WLF8U1WQZO61EUVRAH8AEJ2BB6KS,AssignmentReturned
145,2020-08-14 17:36:08.241227,,,,,,f,,"{""feedback"": ""nice"", ""error_text"": ""There has been an error and so you are unable to continue, sorry!"", ""error_type"": ""default"", ""request_data"": {""data"": ""{}"", ""route"": ""/node/47"", ""hit_id"": ""33W1NHWFYHUNBAQY12GJHGZNLP6TZV"", ""method"": ""post"", ""worker_id"": ""A4QDCBGN79832"", ""participant_id"": null}}",3TU5ZICBREAXLIVD1BRCOAMJ7CT8Q8,ExperimentError
146,2020-08-14 17:36:37.321269,,,,,,f,,"{""feedback"": ""nothing"", ""error_text"": ""There has been an error and so you are unable to continue, sorry!"", ""error_type"": ""default"", ""request_data"": {""data"": ""{}"", ""route"": ""/node/48"", ""hit_id"": ""33W1NHWFYHUNBAQY12GJHGZNLP6TZV"", ""method"": ""post"", ""worker_id"": ""A5E6WFLGYWGX5"", ""participant_id"": null}}",37WLF8U1WQZO61EUVRAH8AEJ2BB6KS,ExperimentError
164,2020-08-14 17:40:14.114805,,,,,,f,,"{""feedback"": ""fsrgthy"", ""error_text"": ""There has been an error and so you are unable to continue, sorry!"", ""error_type"": ""already_started_exp_mturk"", ""request_data"": {""hit_id"": null, ""worker_id"": null, ""participant_id"": null}}",unknown,ExperimentError
150,2020-08-14 17:37:14.233427,,,,,,f,,{},37WLF8U1WQZO61EUVRAH8AEJ2BB6KS,AssignmentAccepted
152,2020-08-14 17:37:33.187522,,,,,,f,,{},3TU5ZICBREAXLIVD1BRCOAMJ7CT8Q8,AssignmentAccepted
155,2020-08-14 17:37:53.272005,,,,,,f,,{},3M0NZ3JDP27NCSD2Q93M3JOWAPCZ5Q,AssignmentAccepted
160,2020-08-14 17:39:10.932369,,,,,,f,,{},3KKG4CDWKJ7QAIRP86QDL3GPVQT49B,AssignmentAccepted
163,2020-08-14 17:39:47.727765,,,,,,f,,{},3IUZPWIU1PGM0GT0M9NL64DWQD3WKI,AssignmentAccepted
167,2020-08-14 17:41:17.207809,,,,,,f,,{},37WLF8U1WQZO61EUVRAH8AEJ2BB6KS,AssignmentAccepted
169,2020-08-14 17:42:55.549189,,,,,,f,,{},3NG53N1RLWSCL6UY1YCNO5W92GFP86,AssignmentAccepted
171,2020-08-14 17:43:08.863191,,,,,,f,,{},3ND9UOO81LBXKMBI79ZML4QBFD8WLL,AssignmentAccepted
151,2020-08-14 17:37:31.511286,,,,,,f,,{},3TU5ZICBREAXLIVD1BRCOAMJ7CT8Q8,AssignmentReturned
153,2020-08-14 17:37:44.993972,,,,,,f,,{},3O6CYIULEEA03CYCGNRNCRMUS41WUF,AssignmentSubmitted
154,2020-08-14 17:37:53.20559,,,,,,f,,{},3M0NZ3JDP27NCSD2Q93M3JOWAPCZ5Q,AssignmentReturned
156,2020-08-14 17:38:01.822542,,,,,,f,,"{""feedback"": """", ""error_text"": ""There has been an error and so you are unable to continue, sorry!"", ""error_type"": ""already_started_exp_mturk"", ""request_data"": {""hit_id"": null, ""worker_id"": null, ""participant_id"": null}}",unknown,ExperimentError
158,2020-08-14 17:39:01.345424,,,,,,f,,{},3KKG4CDWKJ7QAIRP86QDL3GPVQT49B,AssignmentReturned
162,2020-08-14 17:39:47.557165,,,,,,f,,{},3IUZPWIU1PGM0GT0M9NL64DWQD3WKI,AssignmentReturned
165,2020-08-14 17:40:46.090957,,,,,,f,,"{""feedback"": """", ""error_text"": ""There has been an error and so you are unable to continue, sorry!"", ""error_type"": ""already_started_exp_mturk"", ""request_data"": {""hit_id"": null, ""worker_id"": null, ""participant_id"": null}}",unknown,ExperimentError
166,2020-08-14 17:41:06.901829,,,,,,f,,{},37WLF8U1WQZO61EUVRAH8AEJ2BB6KS,AssignmentReturned
168,2020-08-14 17:42:12.50173,,,,,,f,,{},34PGFRQONPKRPWNI4ON95PDJBO3WJJ,AssignmentAbandoned
170,2020-08-14 17:43:01.434758,,,,,,f,,{},3ND9UOO81LBXKMBI79ZML4QBFD8WLL,AssignmentReturned
157,2020-08-14 17:38:49.698483,,,,,,f,,"{""feedback"": """", ""error_text"": ""There has been an error and so you are unable to continue, sorry!"", ""error_type"": ""already_started_exp_mturk"", ""request_data"": {""hit_id"": null, ""worker_id"": null, ""participant_id"": null}}",unknown,ExperimentError
159,2020-08-14 17:39:05.011754,,,,,,f,,"{""feedback"": ""When I entered the study, it shows first question. After that it suddenly shows error. "", ""error_text"": ""There has been an error and so you are unable to continue, sorry!"", ""error_type"": ""default"", ""request_data"": {""data"": ""{}"", ""route"": ""/node/46"", ""hit_id"": ""33W1NHWFYHUNBAQY12GJHGZNLP6TZV"", ""method"": ""post"", ""worker_id"": ""A3BG20JPQLNKE1"", ""participant_id"": null}}",3IUZPWIU1PGM0GT0M9NL64DWQD3WKI,ExperimentError
161,2020-08-14 17:39:29.254728,,,,,,f,,"{""feedback"": """", ""error_text"": ""There has been an error and so you are unable to continue, sorry!"", ""error_type"": ""default"", ""request_data"": {""data"": ""{}"", ""route"": ""/node/49"", ""hit_id"": ""33W1NHWFYHUNBAQY12GJHGZNLP6TZV"", ""method"": ""post"", ""worker_id"": ""A2IPO6UJZDIQ91"", ""participant_id"": null}}",37WLF8U1WQZO61EUVRAH8AEJ2BB6KS,ExperimentError
172,2020-08-14 17:43:47.370676,,,,,,f,,"{""feedback"": ""I just hit the button to continue this experiment and then this page popped up."", ""error_text"": ""There has been an error and so you are unable to continue, sorry!"", ""error_type"": ""default"", ""request_data"": {""data"": ""{}"", ""route"": ""/node/52"", ""hit_id"": ""33W1NHWFYHUNBAQY12GJHGZNLP6TZV"", ""method"": ""post"", ""worker_id"": ""A3FGT6EU39C6S4"", ""participant_id"": null}}",3JW0YLFXRUPDVGNHBN6OUF7RDKCWWE,ExperimentError
