id,creation_time,property1,property2,property3,property4,property5,failed,time_of_death,details,type,fingerprint_hash,recruiter_id,worker_id,assignment_id,unique_id,hit_id,mode,end_time,base_pay,bonus,status
30,2020-08-14 17:15:13.596951,,,,,,f,,{},participant,1797e73424013359cc1b4b67c45178bb,mturk,30,3YWRV122CT8PDB2UIKBHYBJ8AXZ8UD,30:3YWRV122CT8PDB2UIKBHYBJ8AXZ8UD,33W1NHWFYHUNBAQY12GJHGZNLP6TZV,live,2020-08-14 17:32:18.979562,,,submitted
45,2020-08-14 17:32:45.099093,,,,,,f,,{},participant,df0cae40f252fe5b8939120b11541976,mturk,45,3NG53N1RLWSCL6UY1YCNO5W92G78PH,45:3NG53N1RLWSCL6UY1YCNO5W92G78PH,33W1NHWFYHUNBAQY12GJHGZNLP6TZV,live,,,,working
48,2020-08-14 17:36:01.957443,,,,,,f,,{},participant,9c5f01fa6c4fcce1ea7f216cdba1df27,mturk,48,37WLF8U1WQZO61EUVRAH8AEJ2BB6KS,48:37WLF8U1WQZO61EUVRAH8AEJ2BB6KS,33W1NHWFYHUNBAQY12GJHGZNLP6TZV,live,2020-08-14 17:37:09.208752,,,returned
29,2020-08-14 17:12:01.354645,,,,,,f,,{},participant,3901c372d041c1a4148818781505759a,mturk,29,3KKG4CDWKJ7QAIRP86QDL3GPVQT49B,29:3KKG4CDWKJ7QAIRP86QDL3GPVQT49B,33W1NHWFYHUNBAQY12GJHGZNLP6TZV,live,2020-08-14 17:39:01.355872,,,returned
46,2020-08-14 17:35:38.037541,,,,,,f,,{},participant,9d03ee0ced4b61e1cae98ff3bdaada36,mturk,46,3IUZPWIU1PGM0GT0M9NL64DWQD3WKI,46:3IUZPWIU1PGM0GT0M9NL64DWQD3WKI,33W1NHWFYHUNBAQY12GJHGZNLP6TZV,live,2020-08-14 17:39:47.564559,,,returned
50,2020-08-14 17:40:12.215139,,,,,,f,,{},participant,516f3c0004ca0e3d1431be3d7d3e0a74,mturk,50,3KKG4CDWKJ7QAIRP86QDL3GPVQT49B,50:3KKG4CDWKJ7QAIRP86QDL3GPVQT49B,33W1NHWFYHUNBAQY12GJHGZNLP6TZV,live,,,,working
21,2020-08-14 17:08:58.374126,,,,,,f,,{},participant,695dea57cde7927465e4f20751f1387a,mturk,21,3LKC68YZ3BC5Q7EFK1FEDLU5AIDWO2,21:3LKC68YZ3BC5Q7EFK1FEDLU5AIDWO2,33W1NHWFYHUNBAQY12GJHGZNLP6TZV,live,2020-08-14 17:09:31.054141,,,returned
22,2020-08-14 17:09:01.62169,,,,,,f,,{},participant,d350336200d7f52a0485927b103a82c6,mturk,22,3KKG4CDWKJ7QAIRP86QDL3GPVQT49B,22:3KKG4CDWKJ7QAIRP86QDL3GPVQT49B,33W1NHWFYHUNBAQY12GJHGZNLP6TZV,live,2020-08-14 17:11:23.755326,,,returned
4,2020-08-14 17:05:12.634942,,,,,,f,,{},participant,b53dc420adc4b2ef9a2f68e0a9387745,mturk,4,3OUYGIZWR87U3HPV6UZ8VQQRJIUP0A,4:3OUYGIZWR87U3HPV6UZ8VQQRJIUP0A,33W1NHWFYHUNBAQY12GJHGZNLP6TZV,live,2020-08-14 17:15:10.164302,1,1.39,approved
9,2020-08-14 17:06:16.293485,,,,,,f,,{},participant,d09cae4220906fc453987b6e25982a2e,mturk,9,37U1UTWH9WVXXJADEQGCT0WO3YV8R9,9:37U1UTWH9WVXXJADEQGCT0WO3YV8R9,33W1NHWFYHUNBAQY12GJHGZNLP6TZV,live,2020-08-14 17:13:58.636148,1,1.26,approved
3,2020-08-14 17:05:12.492046,,,,,,f,,{},participant,cab0d655fec1eb2efbeb6fcc20ff6afc,mturk,3,3PW9OPU9PRTYIZ970FSWDI18D09123,3:3PW9OPU9PRTYIZ970FSWDI18D09123,33W1NHWFYHUNBAQY12GJHGZNLP6TZV,live,2020-08-14 17:12:50.918404,1,1.9,approved
2,2020-08-14 17:05:02.855993,,,,,,f,,{},participant,587e9bfc83c664460c0838bb1ead48ff,mturk,2,3I0BTBYZAYUOCVHWXHVR8HJ3NNY0YG,2:3I0BTBYZAYUOCVHWXHVR8HJ3NNY0YG,33W1NHWFYHUNBAQY12GJHGZNLP6TZV,live,2020-08-14 17:13:58.719135,1,1.71,approved
7,2020-08-14 17:05:50.31665,,,,,,f,,{},participant,1c7c66718cfce323e9e3a74e788afb45,mturk,7,3CFVK00FWMUZQ7WCGRMINARYRBG6LV,7:3CFVK00FWMUZQ7WCGRMINARYRBG6LV,33W1NHWFYHUNBAQY12GJHGZNLP6TZV,live,2020-08-14 17:14:55.013143,1,1.53,approved
14,2020-08-14 17:07:01.31007,,,,,,f,,{},participant,f57eb301586a51241b8f266425c1c95c,mturk,14,3J4Q2Z4UTZC8BJRVZE7I2QP5PJVWQA,14:3J4Q2Z4UTZC8BJRVZE7I2QP5PJVWQA,33W1NHWFYHUNBAQY12GJHGZNLP6TZV,live,2020-08-14 17:17:32.813743,1,1.81,approved
11,2020-08-14 17:06:36.060879,,,,,,f,,{},participant,88e050533f4f5663107e60480e71453b,mturk,11,3907X2AHF1E1ZRS9LH3MEEJ6GGEP2U,11:3907X2AHF1E1ZRS9LH3MEEJ6GGEP2U,33W1NHWFYHUNBAQY12GJHGZNLP6TZV,live,2020-08-14 17:14:28.308324,1,1.96,approved
17,2020-08-14 17:07:40.953328,,,,,,f,,{},participant,6986450d15e3d533d77cb2eb5be99ee6,mturk,17,35DR22AR5ETVTIQJB8R8R1A1OTO3X8,17:35DR22AR5ETVTIQJB8R8R1A1OTO3X8,33W1NHWFYHUNBAQY12GJHGZNLP6TZV,live,2020-08-14 17:15:16.901056,1,2.1,approved
15,2020-08-14 17:07:11.542719,,,,,,f,,{},participant,848a5204ed15bc8349081461a08688a6,mturk,15,33CKWXB73KTRTERBHBSI8ZR3LUV11M,15:33CKWXB73KTRTERBHBSI8ZR3LUV11M,33W1NHWFYHUNBAQY12GJHGZNLP6TZV,live,2020-08-14 17:15:16.808139,1,1.3,approved
10,2020-08-14 17:06:19.632453,,,,,,f,,{},participant,5986060b2e7775fee286d9f843ed39bf,mturk,10,3D8YOU6S9FT29XJ6P5EJEXNH428U6C,10:3D8YOU6S9FT29XJ6P5EJEXNH428U6C,33W1NHWFYHUNBAQY12GJHGZNLP6TZV,live,2020-08-14 17:15:20.696889,1,1.89,approved
1,2020-08-14 17:04:54.68248,,,,,,f,,{},participant,d29abd4076220dc575f5657bb839d319,mturk,1,3DQQ64TANHUNB7QGZ1ST2LZVKN9WPJ,1:3DQQ64TANHUNB7QGZ1ST2LZVKN9WPJ,33W1NHWFYHUNBAQY12GJHGZNLP6TZV,live,2020-08-14 17:15:32.288708,1,1.65,approved
18,2020-08-14 17:07:48.794406,,,,,,f,,{},participant,5894e5d93076587be7d26079ceaaa334,mturk,18,3IX2EGZR7CSMH06W5UD3IQ52J9ORJB,18:3IX2EGZR7CSMH06W5UD3IQ52J9ORJB,33W1NHWFYHUNBAQY12GJHGZNLP6TZV,live,2020-08-14 17:16:02.037944,,,returned
5,2020-08-14 17:05:19.275868,,,,,,f,,{},participant,aebb572d43d7395c9165fbd536ff8ce7,mturk,5,33FOTY3KENUBGH19X8H2PVAUPRM1CC,5:33FOTY3KENUBGH19X8H2PVAUPRM1CC,33W1NHWFYHUNBAQY12GJHGZNLP6TZV,live,2020-08-14 17:16:29.764629,1,2.14,approved
16,2020-08-14 17:07:31.928636,,,,,,f,,{},participant,afab8c02477d68f0fecb8c0a7fedf587,mturk,16,3VW6495TLK9L9QDH5P6009DNZ0CYYE,16:3VW6495TLK9L9QDH5P6009DNZ0CYYE,33W1NHWFYHUNBAQY12GJHGZNLP6TZV,live,2020-08-14 17:17:08.680506,1,1.49,approved
24,2020-08-14 17:10:00.853977,,,,,,f,,{},participant,282c4f4616c2b3b0be048fac15c05bed,mturk,24,37TRT2X24R0Z1TP79XRDIB0Y1NMBJJ,24:37TRT2X24R0Z1TP79XRDIB0Y1NMBJJ,33W1NHWFYHUNBAQY12GJHGZNLP6TZV,live,2020-08-14 17:17:42.773509,1,1.76,approved
23,2020-08-14 17:09:52.292144,,,,,,f,,{},participant,e709f8701143b5f8e87cb2e90e78c15d,mturk,23,3EJJQNKU9SEQQUB6HUAI6DPN6HKRH6,23:3EJJQNKU9SEQQUB6HUAI6DPN6HKRH6,33W1NHWFYHUNBAQY12GJHGZNLP6TZV,live,2020-08-14 17:18:55.851873,1,0.75,approved
27,2020-08-14 17:10:40.055112,,,,,,f,,{},participant,c30b3a326e533ec3b85b328186b037ce,mturk,27,37C0GNLMHGCGSV8K3AOU4XJTI2FD6N,27:37C0GNLMHGCGSV8K3AOU4XJTI2FD6N,33W1NHWFYHUNBAQY12GJHGZNLP6TZV,live,2020-08-14 17:18:22.598225,1,1.69,approved
12,2020-08-14 17:06:43.246633,,,,,,f,,{},participant,764f3a2dd172c960c8670fcf673b080e,mturk,12,35USIKEBNSPPE7ZXS42X02VNW6G6NX,12:35USIKEBNSPPE7ZXS42X02VNW6G6NX,33W1NHWFYHUNBAQY12GJHGZNLP6TZV,live,2020-08-14 17:22:44.180991,,,returned
25,2020-08-14 17:10:01.658318,,,,,,f,,{},participant,33ca77bf2c120a26d9acc8f2632561af,mturk,25,3RRCEFRB7NL9YB6M6Q49C9BFJQW4BL,25:3RRCEFRB7NL9YB6M6Q49C9BFJQW4BL,33W1NHWFYHUNBAQY12GJHGZNLP6TZV,live,2020-08-14 17:18:56.051538,1,0.99,approved
26,2020-08-14 17:10:29.083669,,,,,,f,,{},participant,4289f729be82f555d837fc2b54fc293d,mturk,26,3LRKMWOKB6QVDVUF8Q1O5CLKQFLZ2P,26:3LRKMWOKB6QVDVUF8Q1O5CLKQFLZ2P,33W1NHWFYHUNBAQY12GJHGZNLP6TZV,live,2020-08-14 17:19:13.349222,1,1.3,approved
20,2020-08-14 17:08:50.401792,,,,,,f,,{},participant,eb4a95decb48bfd7ad6bb13bf9be8309,mturk,20,3YDTZAI2WYP8LDOU4TBK6XY6XE5412,20:3YDTZAI2WYP8LDOU4TBK6XY6XE5412,33W1NHWFYHUNBAQY12GJHGZNLP6TZV,live,2020-08-14 17:24:31.150385,,,returned
6,2020-08-14 17:05:21.78015,,,,,,f,,{},participant,393f716378cd4e275bea64929dbf8553,mturk,6,30LB5CDZNDJOHLR1T3XAMOS5TH20Z7,6:30LB5CDZNDJOHLR1T3XAMOS5TH20Z7,33W1NHWFYHUNBAQY12GJHGZNLP6TZV,live,2020-08-14 17:12:50.781546,1,1.52,approved
19,2020-08-14 17:07:55.27117,,,,,,f,,{},participant,d268bd5dcbb122d61735fc4b0640b057,mturk,19,3M68NM076IGAT5RPLBJE9M0XX356RL,19:3M68NM076IGAT5RPLBJE9M0XX356RL,33W1NHWFYHUNBAQY12GJHGZNLP6TZV,live,2020-08-14 17:14:54.71508,1,1.38,approved
32,2020-08-14 17:17:10.949473,,,,,,f,,{},participant,2d2a2313ff643dad5bebed074ff65a34,mturk,32,3IX2EGZR7CSMH06W5UD3IQ52J9ORJB,32:3IX2EGZR7CSMH06W5UD3IQ52J9ORJB,33W1NHWFYHUNBAQY12GJHGZNLP6TZV,live,,,,working
8,2020-08-14 17:05:53.207161,,,,,,f,,{},participant,77241beeeeeb93d2b7507eefd5ff6d44,mturk,8,3TE22NPXPCLPDCLDRBUM4V599YF44F,8:3TE22NPXPCLPDCLDRBUM4V599YF44F,33W1NHWFYHUNBAQY12GJHGZNLP6TZV,live,2020-08-14 17:17:32.722116,1,1.58,approved
31,2020-08-14 17:15:41.301545,,,,,,f,,{},participant,041725ac4c152670c51e04b8a9ec7bd4,mturk,31,3WI0P0II6219EE64VYRSFSAPEPRRDX,31:3WI0P0II6219EE64VYRSFSAPEPRRDX,33W1NHWFYHUNBAQY12GJHGZNLP6TZV,live,2020-08-14 17:18:42.647027,,,returned
13,2020-08-14 17:06:51.885201,,,,,,f,,{},participant,a8e110dd58bc3f6d3d122dab4bf1b4df,mturk,13,3Z7VU45IPZQOOACJPM1A0TBFY97Z18,13:3Z7VU45IPZQOOACJPM1A0TBFY97Z18,33W1NHWFYHUNBAQY12GJHGZNLP6TZV,live,2020-08-14 17:18:55.933612,1,2.03,approved
28,2020-08-14 17:11:48.221304,,,,,,f,,{},participant,5654f77fc10a842017c42f22199a710d,mturk,28,3ZV9H2YQQEGG4ILT13VMPIWUFRI3WF,28:3ZV9H2YQQEGG4ILT13VMPIWUFRI3WF,33W1NHWFYHUNBAQY12GJHGZNLP6TZV,live,2020-08-14 17:18:56.176778,1,1.9,approved
33,2020-08-14 17:18:11.55626,,,,,,f,,{},participant,9f6aec508affdff08be26fc7138da24b,mturk,33,3IUZPWIU1PGM0GT0M9NL64DWQD3WKI,33:3IUZPWIU1PGM0GT0M9NL64DWQD3WKI,33W1NHWFYHUNBAQY12GJHGZNLP6TZV,live,2020-08-14 17:34:41.040226,,,abandoned
35,2020-08-14 17:20:56.013592,,,,,,f,,{},participant,5de6bad21b66841f5ae78aca7746986a,mturk,35,3VFJCI1K408CQYGVXOS0LDDMRH7RG7,35:3VFJCI1K408CQYGVXOS0LDDMRH7RG7,33W1NHWFYHUNBAQY12GJHGZNLP6TZV,live,2020-08-14 17:22:39.725483,,,returned
38,2020-08-14 17:24:08.596741,,,,,,f,,{},participant,0b13d9a803261cf8f809a7550031a5bc,mturk,38,3Z7ISHFUH146ZAW4O7APF3YNCFE8Z2,38:3Z7ISHFUH146ZAW4O7APF3YNCFE8Z2,33W1NHWFYHUNBAQY12GJHGZNLP6TZV,live,2020-08-14 17:26:21.182413,,,returned
43,2020-08-14 17:27:19.59827,,,,,,f,,{},participant,198c7618d969835d31cf3157b0a83b12,mturk,43,35USIKEBNSPPE7ZXS42X02VNW6G6NX,43:35USIKEBNSPPE7ZXS42X02VNW6G6NX,33W1NHWFYHUNBAQY12GJHGZNLP6TZV,live,,,,working
44,2020-08-14 17:27:33.42565,,,,,,f,,{},participant,8538b0b48df01faf777216f2da79d456,mturk,44,3WI0P0II6219EE64VYRSFSAPEPRRDX,44:3WI0P0II6219EE64VYRSFSAPEPRRDX,33W1NHWFYHUNBAQY12GJHGZNLP6TZV,live,,,,working
36,2020-08-14 17:22:40.411493,,,,,,f,,{},participant,ed5a8030f1b9dc5316bacd320845139f,mturk,36,3X0H8UUIT2XKOZ68RIWNXQ4677GWSZ,36:3X0H8UUIT2XKOZ68RIWNXQ4677GWSZ,33W1NHWFYHUNBAQY12GJHGZNLP6TZV,live,2020-08-14 17:29:58.218895,,,working
37,2020-08-14 17:22:51.280374,,,,,,f,,{},participant,599f61fbd771a87da4c6bb0dcf59dac2,mturk,37,3LPW2N6LKUB6QTJSKM4EMR9H87XU5W,37:3LPW2N6LKUB6QTJSKM4EMR9H87XU5W,33W1NHWFYHUNBAQY12GJHGZNLP6TZV,live,2020-08-14 17:30:37.497762,1,1.74,approved
34,2020-08-14 17:20:18.998968,,,,,,f,,{},participant,23f62abb82f5a7455fcefb1aea1d80ea,mturk,34,3ZSY5X72NYK0IBXTL758QMMOI3YROU,34:3ZSY5X72NYK0IBXTL758QMMOI3YROU,33W1NHWFYHUNBAQY12GJHGZNLP6TZV,live,2020-08-14 17:30:37.647735,1,1.47,approved
42,2020-08-14 17:27:14.314261,,,,,,f,,{},participant,e0ced69838062ab4a8bf7fd0f685f4ea,mturk,42,3Z7ISHFUH146ZAW4O7APF3YNCFE8Z2,42:3Z7ISHFUH146ZAW4O7APF3YNCFE8Z2,33W1NHWFYHUNBAQY12GJHGZNLP6TZV,live,2020-08-14 17:32:18.185743,,,returned
41,2020-08-14 17:27:07.123511,,,,,,f,,{},participant,b3ae06d64dfc04ee34e8c68c652fcd20,mturk,41,3O6CYIULEEA03CYCGNRNCRMUS41WUF,41:3O6CYIULEEA03CYCGNRNCRMUS41WUF,33W1NHWFYHUNBAQY12GJHGZNLP6TZV,live,2020-08-14 17:37:45.00103,1,2.09,approved
49,2020-08-14 17:38:40.840365,,,,,,f,,{},participant,ca0cc80b9e0b0295a07e4f80e0d5a769,mturk,49,37WLF8U1WQZO61EUVRAH8AEJ2BB6KS,49:37WLF8U1WQZO61EUVRAH8AEJ2BB6KS,33W1NHWFYHUNBAQY12GJHGZNLP6TZV,live,2020-08-14 17:41:06.910094,,,returned
39,2020-08-14 17:26:07.462805,,,,,,f,,{},participant,caf44d93ed0373425c7cd786891c0ee4,mturk,39,3XCC1ODXDMK33NA90KXCFRHOX4GRQ2,39:3XCC1ODXDMK33NA90KXCFRHOX4GRQ2,33W1NHWFYHUNBAQY12GJHGZNLP6TZV,live,2020-08-14 17:34:44.9735,1,1.13,approved
40,2020-08-14 17:26:18.745804,,,,,,f,,{},participant,e305ae3f7e62f36a4c678cc079d20bfc,mturk,40,3YDTZAI2WYP8LDOU4TBK6XY6XE5412,40:3YDTZAI2WYP8LDOU4TBK6XY6XE5412,33W1NHWFYHUNBAQY12GJHGZNLP6TZV,live,2020-08-14 17:34:45.058851,1,1.39,approved
47,2020-08-14 17:35:46.305321,,,,,,f,,{},participant,7c2406aef0184d90b602e76d451efb8b,mturk,47,3TU5ZICBREAXLIVD1BRCOAMJ7CT8Q8,47:3TU5ZICBREAXLIVD1BRCOAMJ7CT8Q8,33W1NHWFYHUNBAQY12GJHGZNLP6TZV,live,2020-08-14 17:37:31.519685,,,returned
52,2020-08-14 17:42:15.285418,,,,,,f,,{},participant,f02c1cd4517538914dea13e1a244de8c,mturk,52,3JW0YLFXRUPDVGNHBN6OUF7RDKCWWE,52:3JW0YLFXRUPDVGNHBN6OUF7RDKCWWE,33W1NHWFYHUNBAQY12GJHGZNLP6TZV,live,,,,working
53,2020-08-14 17:42:48.467777,,,,,,f,,{},participant,d62af66bff90a9048a305cefde29fb44,mturk,53,37WLF8U1WQZO61EUVRAH8AEJ2BB6KS,53:37WLF8U1WQZO61EUVRAH8AEJ2BB6KS,33W1NHWFYHUNBAQY12GJHGZNLP6TZV,live,,,,working
51,2020-08-14 17:42:13.603641,,,,,,f,,{},participant,3cd7908c463be77da1197d57f79f2f5b,mturk,51,3ND9UOO81LBXKMBI79ZML4QBFD8WLL,51:3ND9UOO81LBXKMBI79ZML4QBFD8WLL,33W1NHWFYHUNBAQY12GJHGZNLP6TZV,live,2020-08-14 17:43:01.443781,,,returned
