id,creation_time,property1,property2,property3,property4,property5,failed,time_of_death,details,type,participant_id,number,question,response
1,2020-08-14 17:12:19.520936,,,,,,f,,{},question,3,1,questionnaire,"{""moral"":""Send all points with everyone else to maximize"",""behaviour"":""It seemed that others were not playing in a team effort"",""understanding"":""9"",""Age"":""34"",""Gender"":""male"",""Nationality"":""White""}"
2,2020-08-14 17:12:26.335195,,,,,,f,,{},question,6,1,questionnaire,"{""moral"":""YES I BELIEVE"",""behaviour"":""CONFIDENTLY"",""understanding"":""8"",""Age"":""47"",""Gender"":""MALE"",""Nationality"":""White""}"
3,2020-08-14 17:12:28.245654,,,,,,f,,{},question,2,1,questionnaire,"{""moral"":""Put the most in to get the most back."",""behaviour"":""I started out good but kept getting less and less so started putting in less myself."",""understanding"":""10"",""Age"":""69"",""Gender"":""female"",""Nationality"":""White""}"
4,2020-08-14 17:12:52.980818,,,,,,f,,{},question,4,1,questionnaire,"{""moral"":""To give the most that you can"",""behaviour"":""To better my chances"",""understanding"":""8"",""Age"":""61"",""Gender"":""female"",""Nationality"":""White""}"
5,2020-08-14 17:13:33.768931,,,,,,f,,{},question,9,1,questionnaire,"{""moral"":""He is one of the kind person"",""behaviour"":""I want to share with them"",""understanding"":""10"",""Age"":""28"",""Gender"":""Male"",""Nationality"":""White""}"
6,2020-08-14 17:13:54.048248,,,,,,f,,{},question,11,1,questionnaire,"{""moral"":""Be cooperative sometimes but mostly selfish."",""behaviour"":""I chose to be selfish to try to earn more points."",""understanding"":""7"",""Age"":""37"",""Gender"":""male"",""Nationality"":""White""}"
7,2020-08-14 17:14:22.775781,,,,,,f,,{},question,15,1,questionnaire,"{""moral"":""GOOD"",""behaviour"":""BECAUSE I HAVE DONE CORRECTLY."",""understanding"":""5"",""Age"":""35"",""Gender"":""FEMALE"",""Nationality"":""Prefer not to say""}"
8,2020-08-14 17:14:25.725225,,,,,,f,,{},question,19,1,questionnaire,"{""moral"":""Contribute the full 10, to maximize everyone's earnings"",""behaviour"":""For the reasons above, if everyone cooperates, we all do better. Selfish behavior can ruin it for all. "",""understanding"":""10"",""Age"":""52"",""Gender"":""male"",""Nationality"":""White""}"
9,2020-08-14 17:14:28.149627,,,,,,f,,{},question,7,1,questionnaire,"{""moral"":""contribute max amount"",""behaviour"":""i did contribute max amount as i believe it's the best option for everybody."",""understanding"":""10"",""Age"":""36"",""Gender"":""male"",""Nationality"":""White""}"
10,2020-08-14 17:14:35.213188,,,,,,f,,{},question,8,1,questionnaire,"{""moral"":""You should care about how you do but you should care more about how the group does."",""behaviour"":""I felt it was good for the group and I could earn more."",""understanding"":""10"",""Age"":""60"",""Gender"":""female"",""Nationality"":""White""}"
11,2020-08-14 17:14:49.832221,,,,,,f,,{},question,17,1,questionnaire,"{""moral"":""Try to donate enough so that everyone ends up with more and not nothing."",""behaviour"":"" I tried to maximize my score(profit)"",""understanding"":""10"",""Age"":""36"",""Gender"":""male"",""Nationality"":""White""}"
12,2020-08-14 17:14:58.425814,,,,,,f,,{},question,1,1,questionnaire,"{""moral"":""They should go with the most popular and logical option, and share a decent amount of points in the second part."",""behaviour"":""I went with what felt was the most correct answer, and I shared enough in the second part so that everyone would get more points overall."",""understanding"":""9"",""Age"":""39"",""Gender"":""male"",""Nationality"":""White""}"
13,2020-08-14 17:14:58.979133,,,,,,f,,{},question,10,1,questionnaire,"{""moral"":""It is based on their responses and choices."",""behaviour"":""I was to concentrate and done the game to behave."",""understanding"":""8"",""Age"":""8"",""Gender"":""Female"",""Nationality"":""White""}"
14,2020-08-14 17:15:15.298164,,,,,,f,,{},question,18,1,questionnaire,"{""moral"":""give as much as you can"",""behaviour"":""I wanted to ensure the maximum payout"",""understanding"":""10"",""Age"":""52"",""Gender"":""male"",""Nationality"":""White""}"
15,2020-08-14 17:15:41.499124,,,,,,f,,{},question,14,1,questionnaire,"{""moral"":""Contribute to the betterment of all involved"",""behaviour"":""I gave half which I think is a fair compromise."",""understanding"":""10"",""Age"":""39"",""Gender"":""Female"",""Nationality"":""White""}"
16,2020-08-14 17:15:48.160555,,,,,,f,,{},question,5,1,questionnaire,"{""moral"":""SOMEWHAT WORTHY"",""behaviour"":""JUST DEPOND ON WHAT MY MIND SAYS"",""understanding"":""8"",""Age"":""27"",""Gender"":""male"",""Nationality"":""White""}"
17,2020-08-14 17:16:20.916099,,,,,,f,,{},question,16,1,questionnaire,"{""moral"":""PEOPLE ARE VERY SELFISH THESE DAYS"",""behaviour"":""IT IS MY NATURE"",""understanding"":""8"",""Age"":""26"",""Gender"":""MALE"",""Nationality"":""White""}"
18,2020-08-14 17:17:15.686745,,,,,,f,,{},question,13,1,questionnaire,"{""moral"":""I think most people would say that i should behave like i was part of a group where the decision of each member of the group will influence the total outcome of the group."",""behaviour"":""I choose to behave the way i did in the game so that my contributions will as well affect the total outcome of the group."",""understanding"":""8"",""Age"":""25"",""Gender"":""Female"",""Nationality"":""Black""}"
19,2020-08-14 17:17:21.757177,,,,,,f,,{},question,24,1,questionnaire,"{""moral"":"""",""behaviour"":"""",""understanding"":""5"",""Age"":"""",""Gender"":"""",""Nationality"":""Prefer not to say""}"
20,2020-08-14 17:17:48.44553,,,,,,f,,{},question,27,1,questionnaire,"{""moral"":""good"",""behaviour"":""very interesting"",""understanding"":""7"",""Age"":""24"",""Gender"":""male"",""Nationality"":""Black""}"
21,2020-08-14 17:18:08.67449,,,,,,f,,{},question,25,1,questionnaire,"{""moral"":""NIce"",""behaviour"":""NA"",""understanding"":""6"",""Age"":""28"",""Gender"":""Female"",""Nationality"":""White""}"
22,2020-08-14 17:18:21.420741,,,,,,f,,{},question,28,1,questionnaire,"{""moral"":""Most want get along with the group. "",""behaviour"":""To be social and get along an contribute. "",""understanding"":""7"",""Age"":""28"",""Gender"":""Male"",""Nationality"":""White""}"
23,2020-08-14 17:18:33.585185,,,,,,f,,{},question,23,1,questionnaire,"{""moral"":""good and intresting"",""behaviour"":""some favourable choices"",""understanding"":""5"",""Age"":""42"",""Gender"":""female"",""Nationality"":""Prefer not to say""}"
24,2020-08-14 17:18:49.012126,,,,,,f,,{},question,26,1,questionnaire,"{""moral"":""Every person should evenly contribute for the best financial gain as a whole"",""behaviour"":""I contributed for the largest gain, others were playing for themselves and not contributing"",""understanding"":""9"",""Age"":""36"",""Gender"":""male"",""Nationality"":""White""}"
25,2020-08-14 17:29:57.768664,,,,,,f,,{},question,36,1,questionnaire,"{""moral"":"""",""behaviour"":"""",""understanding"":""5"",""Age"":""35"",""Gender"":""MALE"",""Nationality"":""Prefer not to say""}"
26,2020-08-14 17:29:58.645306,,,,,,f,,{},question,34,1,questionnaire,"{""moral"":""good useable"",""behaviour"":""good"",""understanding"":""2"",""Age"":""56"",""Gender"":""male"",""Nationality"":""White""}"
27,2020-08-14 17:30:03.222509,,,,,,f,,{},question,37,1,questionnaire,"{""moral"":""good"",""behaviour"":""good"",""understanding"":""10"",""Age"":""27"",""Gender"":""male"",""Nationality"":""White""}"
28,2020-08-14 17:31:50.978398,,,,,,f,,{},question,30,1,questionnaire,"{""moral"":""they would not share"",""behaviour"":""i wanted to be nice"",""understanding"":""10"",""Age"":""32"",""Gender"":""female"",""Nationality"":""White""}"
29,2020-08-14 17:34:06.803174,,,,,,f,,{},question,39,1,questionnaire,"{""moral"":""I think they would say to be generous"",""behaviour"":""Because I think it is the right  thing to do."",""understanding"":""9"",""Age"":""44"",""Gender"":""male"",""Nationality"":""White""}"
30,2020-08-14 17:34:07.487613,,,,,,f,,{},question,41,1,questionnaire,"{""moral"":""Do what is good for you."",""behaviour"":""It benefited me."",""understanding"":""6"",""Age"":""36"",""Gender"":""male"",""Nationality"":""White""}"
31,2020-08-14 17:34:23.492407,,,,,,f,,{},question,40,1,questionnaire,"{""moral"":""interesting"",""behaviour"":""very nice"",""understanding"":""10"",""Age"":""35"",""Gender"":""female"",""Nationality"":""White""}"
