id,creation_time,property1,property2,property3,property4,property5,failed,time_of_death,details,type,max_size,full,role
6,2020-08-11 16:08:27.334712,"{""num_probes"": 4}",,,,,f,,{},Robin_Network,3,t,experiment
7,2020-08-11 16:08:27.335524,"{""num_probes"": 4}",,,,,f,,{},Robin_Network,5,t,experiment
2,2020-08-11 16:08:27.331233,"{""num_probes"": 4}",,,,,f,,{},Robin_Network,4,t,experiment
8,2020-08-11 16:08:27.336381,"{""num_probes"": 4}",,,,,f,,{},Robin_Network,5,t,experiment
9,2020-08-11 16:08:27.33723,"{""num_probes"": 4}",,,,,f,,{},Robin_Network,4,t,experiment
1,2020-08-11 16:08:27.329409,"{""num_probes"": 4}",,,,,f,,{},Robin_Network,4,t,experiment
10,2020-08-11 16:08:27.338101,"{""num_probes"": 4}",,,,,f,,{},Robin_Network,5,t,experiment
3,2020-08-11 16:08:27.332137,"{""num_probes"": 4}",,,,,f,,{},Robin_Network,4,t,experiment
4,2020-08-11 16:08:27.33302,"{""num_probes"": 4}",,,,,f,,{},Robin_Network,5,t,experiment
5,2020-08-11 16:08:27.33386,"{""num_probes"": 4}",,,,,f,,{},Robin_Network,4,t,experiment
