id,creation_time,property1,property2,property3,property4,property5,failed,time_of_death,details,assignment_id,event_type
1,2020-08-11 16:10:11.857594,,,,,,f,,{},3FTF2T8WLSR2JKA9ICWWGVZGEUV9WQ,AssignmentAccepted
2,2020-08-11 16:10:11.890459,,,,,,f,,{},3S3AMIZX3VE58CHLD11XQXB3DZSCD1,AssignmentAccepted
3,2020-08-11 16:10:11.913617,,,,,,f,,{},3OJSZ2ATDT54SI7W7EB3CZVXZ7375V,AssignmentAccepted
4,2020-08-11 16:10:11.940201,,,,,,f,,{},3KKG4CDWKJ7QAIRP86QDL3GPU1W49Z,AssignmentAccepted
5,2020-08-11 16:10:11.966318,,,,,,f,,{},3MYYFCXHJ4G5PSEXMCWNDK2CYER4GQ,AssignmentAccepted
6,2020-08-11 16:10:11.991307,,,,,,f,,{},3I33IC7ZWGBUCNM7WYLPOJUBG5I2AG,AssignmentAccepted
7,2020-08-11 16:10:12.01644,,,,,,f,,{},3BWI6RSP7HI4O10PIF46GT1AC027EW,AssignmentAccepted
8,2020-08-11 16:10:12.040984,,,,,,f,,{},38JBBYETQPJ75EI6GH6ZDHH0LYC4E9,AssignmentAccepted
9,2020-08-11 16:10:12.066596,,,,,,f,,{},3QXNC7EIPJ49BU9OP53B90QCDPG09F,AssignmentAccepted
10,2020-08-11 16:10:12.092738,,,,,,f,,{},37ZHEEHM6XV1E3KSTVNAX2XDLBC735,AssignmentAccepted
11,2020-08-11 16:10:12.117493,,,,,,f,,{},3X4JMASXCNISZNOLNPH706L21PJ0BP,AssignmentAccepted
12,2020-08-11 16:10:12.142245,,,,,,f,,{},3PQ8K71NHYTJHQHB9DE4U1D9STAAAV,AssignmentAccepted
13,2020-08-11 16:10:12.167716,,,,,,f,,{},3AQF3RZ559RDQFMGUGJKSXMETQXF6N,AssignmentAccepted
14,2020-08-11 16:10:12.194152,,,,,,f,,{},3PZDLQMM0UUI52J5GCHGUEKZG832CI,AssignmentAccepted
15,2020-08-11 16:10:12.219549,,,,,,f,,{},3WJEQKOXA9BNN24BDULBJ0K6OZ4A17,AssignmentAccepted
16,2020-08-11 16:10:12.24465,,,,,,f,,{},3HL8HNGX46A08YOESNMWC7DGJR5F9Y,AssignmentAccepted
17,2020-08-11 16:10:12.269889,,,,,,f,,{},3Z2R0DQ0JINX203JC3NBK2K21KG2EB,AssignmentAccepted
18,2020-08-11 16:10:12.295127,,,,,,f,,{},3WS1NTTKEZLIC401SR33JWCNGNBF0M,AssignmentAccepted
19,2020-08-11 16:10:12.31965,,,,,,f,,{},33ISQZVXPQVV3KB7D56M6RTLSZGCC1,AssignmentAccepted
20,2020-08-11 16:10:12.346519,,,,,,f,,{},3OS4RQUCRAOJWR3BQ70S3D867R8FB8,AssignmentAccepted
21,2020-08-11 16:10:12.371473,,,,,,f,,{},3NXNZ5RS1B6NT598A4OKOF0ZL3M79M,AssignmentAccepted
22,2020-08-11 16:10:13.029937,,,,,,f,,{},35L9RVQFCPRI6M3NLO5NBOC7CRRUH1,AssignmentAccepted
23,2020-08-11 16:10:13.055551,,,,,,f,,{},3Z7EFSHGNANJ6IM24129K4EVTH3XCN,AssignmentAccepted
24,2020-08-11 16:10:13.081372,,,,,,f,,{},32KTQ2V7REO6E8GVEAQ97XXPGSH9MZ,AssignmentAccepted
25,2020-08-11 16:10:13.108025,,,,,,f,,{},31Q0U3WYDQO5406D6R9R99IGNRY71D,AssignmentAccepted
26,2020-08-11 16:10:13.134978,,,,,,f,,{},3WT783CTPCQCTFJ1Z5ARV7N3AEGCBU,AssignmentAccepted
27,2020-08-11 16:10:13.161032,,,,,,f,,{},3K3R2QNK8CCPRGL4NCHVY7EJTEK9UR,AssignmentAccepted
28,2020-08-11 16:10:13.186376,,,,,,f,,{},3L6L49WXW1679VPD5GDW9NBN85D458,AssignmentAccepted
29,2020-08-11 16:10:13.21624,,,,,,f,,{},3QEMNNSB2Y8ZWVMPMKTMABJPCO17D3,AssignmentAccepted
30,2020-08-11 16:10:14.376381,,,,,,f,,{},3R6BYFZZP8LQ9U6CV3SASAZYQUVXFY,AssignmentAccepted
31,2020-08-11 16:10:15.017757,,,,,,f,,{},3Z4GS9HPNWJJFMLFV7Q0AJ9TQDY77A,AssignmentAccepted
32,2020-08-11 16:10:15.081084,,,,,,f,,{},3PB5A5BD0WF28FWGOAUUGWMMPGH7GD,AssignmentAccepted
33,2020-08-11 16:10:15.105894,,,,,,f,,{},3QFUFYSY9ZOZBSI2BSQ5VZ20XZRF42,AssignmentAccepted
34,2020-08-11 16:10:15.131722,,,,,,f,,{},3AZHRG4CU5TNWSK88W21INNQDX603Y,AssignmentAccepted
35,2020-08-11 16:10:15.156418,,,,,,f,,{},3Y54SXRO1MU8BVUILIMCP7FVNLMUTB,AssignmentAccepted
36,2020-08-11 16:10:15.302353,,,,,,f,,{},3QAPZX2QN5MYBAOP4WOWZDIY7J602N,AssignmentAccepted
37,2020-08-11 16:10:15.327911,,,,,,f,,{},3BXQMRHWK074Y04YCLL03TK3TDQUMA,AssignmentAccepted
38,2020-08-11 16:10:15.353863,,,,,,f,,{},352YTHGROWMJPO986IE5YKEDDE44HP,AssignmentAccepted
39,2020-08-11 16:10:15.378975,,,,,,f,,{},3XXU1SWE8N4NGDJTHBHB5V1WJ7YA04,AssignmentAccepted
40,2020-08-11 16:10:15.442516,,,,,,f,,{},324G5B4FB4H5XBLVA85RV4Z6IZS073,AssignmentAccepted
41,2020-08-11 16:10:15.605585,,,,,,f,,{},3VELCLL3GLSIJTLJOA73X1VXLFHF1P,AssignmentAccepted
42,2020-08-11 16:10:16.570974,,,,,,f,,{},3TE22NPXPCLPDCLDRBUM4V5989I443,AssignmentAccepted
43,2020-08-11 16:10:18.938401,,,,,,f,,{},3I33IC7ZWGBUCNM7WYLPOJUBG5IA2O,AssignmentAccepted
44,2020-08-11 16:10:20.64764,,,,,,f,,{},39N5ACM9HFWCZBD86QI1O1RKLXS9PV,AssignmentAccepted
45,2020-08-11 16:10:20.720279,,,,,,f,,{},3T111IHZ5FZXBOTNJIMQTWRZMFG9RN,AssignmentAccepted
46,2020-08-11 16:10:20.746236,,,,,,f,,{},3HYA4D452SSP8E3F7E7H2K52DLV2FT,AssignmentAccepted
47,2020-08-11 16:10:20.771137,,,,,,f,,{},3VE8AYVF8N60UT54NVGICBI5ZLNF89,AssignmentAccepted
48,2020-08-11 16:10:20.999752,,,,,,f,,{},3RRCEFRB7NL9YB6M6Q49C9BFI1Z4B9,AssignmentAccepted
49,2020-08-11 16:10:21.214324,,,,,,f,,{},3TS1AR6UQRNWUF0LDQOCYBMAO1HF7M,AssignmentAccepted
50,2020-08-11 16:10:23.002422,,,,,,f,,{},3SB4CE2TJW4VD3P4KN6IE9O7TEIXAL,AssignmentAccepted
51,2020-08-11 16:11:02.004195,,,,,,f,,{},39N5ACM9HFWCZBD86QI1O1RKLXS9PV,AssignmentAccepted
52,2020-08-11 16:11:02.030858,,,,,,f,,{},39N5ACM9HFWCZBD86QI1O1RKLXS9PV,AssignmentReturned
53,2020-08-11 16:12:41.281978,,,,,,f,,{},3I33IC7ZWGBUCNM7WYLPOJUBG5IA2O,AssignmentReturned
54,2020-08-11 16:12:46.307577,,,,,,f,,{},3I33IC7ZWGBUCNM7WYLPOJUBG5IA2O,AssignmentAccepted
55,2020-08-11 16:14:47.450912,,,,,,f,,{},3OJSZ2ATDT54SI7W7EB3CZVXZ7375V,AssignmentReturned
56,2020-08-11 16:14:50.955081,,,,,,f,,{},3OJSZ2ATDT54SI7W7EB3CZVXZ7375V,AssignmentAccepted
57,2020-08-11 16:15:09.424435,,,,,,f,,{},3QXNC7EIPJ49BU9OP53B90QCDPG09F,AssignmentReturned
58,2020-08-11 16:15:12.260755,,,,,,f,,{},3QXNC7EIPJ49BU9OP53B90QCDPG09F,AssignmentAccepted
59,2020-08-11 16:16:55.251195,,,,,,f,,{},3WS1NTTKEZLIC401SR33JWCNGNBF0M,AssignmentAccepted
60,2020-08-11 16:16:56.372053,,,,,,f,,{},3WS1NTTKEZLIC401SR33JWCNGNBF0M,AssignmentReturned
61,2020-08-11 16:17:05.585496,,,,,,f,,{},39N5ACM9HFWCZBD86QI1O1RKLXS9PV,AssignmentReturned
62,2020-08-11 16:17:15.801405,,,,,,f,,{},39N5ACM9HFWCZBD86QI1O1RKLXS9PV,AssignmentAccepted
63,2020-08-11 16:18:01.816739,,,,,,f,,{},3VE8AYVF8N60UT54NVGICBI5ZLNF89,AssignmentReturned
64,2020-08-11 16:18:16.419369,,,,,,f,,{},3VE8AYVF8N60UT54NVGICBI5ZLNF89,AssignmentAccepted
65,2020-08-11 16:18:37.993981,,,,,,f,,{},3S3AMIZX3VE58CHLD11XQXB3DZSCD1,AssignmentSubmitted
66,2020-08-11 16:19:00.741241,,,,,,f,,{},3Z2R0DQ0JINX203JC3NBK2K21KG2EB,AssignmentSubmitted
67,2020-08-11 16:19:08.71656,,,,,,f,,{},31Q0U3WYDQO5406D6R9R99IGNRY71D,AssignmentSubmitted
68,2020-08-11 16:19:11.560501,,,,,,f,,{},39N5ACM9HFWCZBD86QI1O1RKLXS9PV,AssignmentAccepted
69,2020-08-11 16:19:11.590804,,,,,,f,,{},39N5ACM9HFWCZBD86QI1O1RKLXS9PV,AssignmentReturned
70,2020-08-11 16:19:41.238815,,,,,,f,,{},3QFUFYSY9ZOZBSI2BSQ5VZ20XZRF42,AssignmentReturned
71,2020-08-11 16:20:03.134522,,,,,,f,,{},3QFUFYSY9ZOZBSI2BSQ5VZ20XZRF42,AssignmentAccepted
72,2020-08-11 16:21:36.82019,,,,,,f,,{},3MYYFCXHJ4G5PSEXMCWNDK2CYER4GQ,AssignmentSubmitted
73,2020-08-11 16:21:50.345578,,,,,,f,,{},3FTF2T8WLSR2JKA9ICWWGVZGEUV9WQ,AssignmentSubmitted
74,2020-08-11 16:22:39.825255,,,,,,f,,{},3AZHRG4CU5TNWSK88W21INNQDX603Y,AssignmentSubmitted
75,2020-08-11 16:23:16.287386,,,,,,f,,{},324G5B4FB4H5XBLVA85RV4Z6IZS073,AssignmentSubmitted
76,2020-08-11 16:23:22.647004,,,,,,f,,"{""feedback"": ""I was in middle of doing the survey and everything went blank "", ""error_text"": ""There has been an error and so you are unable to continue, sorry!"", ""error_type"": ""already_started_exp_mturk"", ""request_data"": {""hit_id"": null, ""worker_id"": null, ""participant_id"": null}}",unknown,ExperimentError
77,2020-08-11 16:23:35.07192,,,,,,f,,{},3BWI6RSP7HI4O10PIF46GT1AC027EW,AssignmentSubmitted
78,2020-08-11 16:23:37.021605,,,,,,f,,{},37ZHEEHM6XV1E3KSTVNAX2XDLBC735,AssignmentSubmitted
79,2020-08-11 16:24:32.85851,,,,,,f,,{},3SB4CE2TJW4VD3P4KN6IE9O7TEIXAL,AssignmentSubmitted
80,2020-08-11 16:25:48.887888,,,,,,f,,{},3I33IC7ZWGBUCNM7WYLPOJUBG5IA2O,AssignmentSubmitted
81,2020-08-11 16:25:48.980751,,,,,,f,,{},3QAPZX2QN5MYBAOP4WOWZDIY7J602N,AssignmentSubmitted
82,2020-08-11 16:25:55.797035,,,,,,f,,{},3L6L49WXW1679VPD5GDW9NBN85D458,AssignmentSubmitted
83,2020-08-11 16:25:58.14226,,,,,,f,,{},3T111IHZ5FZXBOTNJIMQTWRZMFG9RN,AssignmentReturned
84,2020-08-11 16:25:59.928409,,,,,,f,,{},3WT783CTPCQCTFJ1Z5ARV7N3AEGCBU,AssignmentReturned
85,2020-08-11 16:26:04.456787,,,,,,f,,"{""feedback"": """", ""error_text"": """", ""error_type"": ""/node POST, status = approved"", ""request_data"": {""hit_id"": ""('3OJX0UFJ0ZGN5WNAX9CU9OJWPXV9UN',)"", ""worker_id"": ""A37GHED5LW6M3Z"", ""participant_id"": null}}","('3QAPZX2QN5MYBAOP4WOWZDIY7J602N',)",ExperimentError
86,2020-08-11 16:26:06.231941,,,,,,f,,{},3I33IC7ZWGBUCNM7WYLPOJUBG5I2AG,AssignmentSubmitted
87,2020-08-11 16:26:11.037489,,,,,,f,,{},3T111IHZ5FZXBOTNJIMQTWRZMFG9RN,AssignmentAccepted
88,2020-08-11 16:26:14.077395,,,,,,f,,{},3WT783CTPCQCTFJ1Z5ARV7N3AEGCBU,AssignmentAccepted
89,2020-08-11 16:26:39.460035,,,,,,f,,{},3OS4RQUCRAOJWR3BQ70S3D867R8FB8,AssignmentAccepted
90,2020-08-11 16:26:39.520397,,,,,,f,,{},3OS4RQUCRAOJWR3BQ70S3D867R8FB8,AssignmentReturned
91,2020-08-11 16:27:00.751205,,,,,,f,,{},3Z4GS9HPNWJJFMLFV7Q0AJ9TQDY77A,AssignmentSubmitted
92,2020-08-11 16:27:22.070354,,,,,,f,,{},3AQF3RZ559RDQFMGUGJKSXMETQXF6N,AssignmentReturned
93,2020-08-11 16:27:22.460455,,,,,,f,,{},3AQF3RZ559RDQFMGUGJKSXMETQXF6N,AssignmentAccepted
94,2020-08-11 16:28:14.12242,,,,,,f,,{},3VELCLL3GLSIJTLJOA73X1VXLFHF1P,AssignmentSubmitted
95,2020-08-11 16:28:32.149789,,,,,,f,,"{""feedback"": ""A1M24593XO5Z3C"", ""error_text"": ""There has been an error and so you are unable to continue, sorry!"", ""error_type"": ""already_started_exp_mturk"", ""request_data"": {""hit_id"": null, ""worker_id"": null, ""participant_id"": null}}",unknown,ExperimentError
96,2020-08-11 16:29:18.230095,,,,,,f,,{},3Y54SXRO1MU8BVUILIMCP7FVNLMUTB,AssignmentSubmitted
97,2020-08-11 16:30:37.371866,,,,,,f,,{},3BXQMRHWK074Y04YCLL03TK3TDQUMA,AssignmentSubmitted
98,2020-08-11 16:30:54.186325,,,,,,f,,{},3OS4RQUCRAOJWR3BQ70S3D867R8FB8,AssignmentReturned
99,2020-08-11 16:31:11.648467,,,,,,f,,{},3OS4RQUCRAOJWR3BQ70S3D867R8FB8,AssignmentAccepted
100,2020-08-11 16:31:42.250186,,,,,,f,,{},3TE22NPXPCLPDCLDRBUM4V5989I443,AssignmentReturned
101,2020-08-11 16:32:01.541996,,,,,,f,,{},3TE22NPXPCLPDCLDRBUM4V5989I443,AssignmentAccepted
102,2020-08-11 16:37:40.975794,,,,,,f,,{},3NXNZ5RS1B6NT598A4OKOF0ZL3M79M,AssignmentReturned
103,2020-08-11 16:37:41.005188,,,,,,f,,{},3NXNZ5RS1B6NT598A4OKOF0ZL3M79M,AssignmentAccepted
104,2020-08-11 16:38:05.835641,,,,,,f,,{},3PZDLQMM0UUI52J5GCHGUEKZG832CI,AssignmentAccepted
105,2020-08-11 16:38:05.862082,,,,,,f,,{},3PZDLQMM0UUI52J5GCHGUEKZG832CI,AssignmentReturned
106,2020-08-11 16:40:10.172986,,,,,,f,,{},3HL8HNGX46A08YOESNMWC7DGJR5F9Y,AssignmentReturned
107,2020-08-11 16:40:16.689877,,,,,,f,,{},32KTQ2V7REO6E8GVEAQ97XXPGSH9MZ,AssignmentAccepted
108,2020-08-11 16:40:16.715704,,,,,,f,,{},35L9RVQFCPRI6M3NLO5NBOC7CRRUH1,AssignmentAccepted
109,2020-08-11 16:40:16.74225,,,,,,f,,{},3Z7EFSHGNANJ6IM24129K4EVTH3XCN,AssignmentAccepted
110,2020-08-11 16:40:16.82894,,,,,,f,,{},32KTQ2V7REO6E8GVEAQ97XXPGSH9MZ,AssignmentAbandoned
111,2020-08-11 16:40:16.870023,,,,,,f,,{},3K3R2QNK8CCPRGL4NCHVY7EJTEK9UR,AssignmentAbandoned
112,2020-08-11 16:40:16.914541,,,,,,f,,{},35L9RVQFCPRI6M3NLO5NBOC7CRRUH1,AssignmentAbandoned
113,2020-08-11 16:40:17.104811,,,,,,f,,{},3QEMNNSB2Y8ZWVMPMKTMABJPCO17D3,AssignmentAbandoned
114,2020-08-11 16:40:18.524815,,,,,,f,,{},3Z7EFSHGNANJ6IM24129K4EVTH3XCN,AssignmentAbandoned
115,2020-08-11 16:40:22.519635,,,,,,f,,{},352YTHGROWMJPO986IE5YKEDDE44HP,AssignmentAbandoned
116,2020-08-11 16:40:22.5442,,,,,,f,,{},3XXU1SWE8N4NGDJTHBHB5V1WJ7YA04,AssignmentAbandoned
117,2020-08-11 16:40:22.711222,,,,,,f,,{},3PB5A5BD0WF28FWGOAUUGWMMPGH7GD,AssignmentAbandoned
118,2020-08-11 16:40:27.609199,,,,,,f,,{},3RRCEFRB7NL9YB6M6Q49C9BFI1Z4B9,AssignmentAbandoned
119,2020-08-11 16:40:27.635321,,,,,,f,,{},3R6BYFZZP8LQ9U6CV3SASAZYQUVXFY,AssignmentAbandoned
120,2020-08-11 16:40:27.659956,,,,,,f,,{},3R6BYFZZP8LQ9U6CV3SASAZYQUVXFY,AssignmentAccepted
121,2020-08-11 16:40:27.684697,,,,,,f,,{},3RRCEFRB7NL9YB6M6Q49C9BFI1Z4B9,AssignmentAccepted
122,2020-08-11 16:40:27.85365,,,,,,f,,{},3PB5A5BD0WF28FWGOAUUGWMMPGH7GD,AssignmentAccepted
123,2020-08-11 16:40:27.912477,,,,,,f,,{},352YTHGROWMJPO986IE5YKEDDE44HP,AssignmentAccepted
124,2020-08-11 16:40:28.298956,,,,,,f,,{},32KTQ2V7REO6E8GVEAQ97XXPGSH9MZ,AssignmentAccepted
125,2020-08-11 16:40:28.328378,,,,,,f,,{},32KTQ2V7REO6E8GVEAQ97XXPGSH9MZ,AssignmentReturned
126,2020-08-11 16:40:28.363564,,,,,,f,,{},3QEMNNSB2Y8ZWVMPMKTMABJPCO17D3,AssignmentAccepted
127,2020-08-11 16:40:28.518603,,,,,,f,,{},3K3R2QNK8CCPRGL4NCHVY7EJTEK9UR,AssignmentAccepted
128,2020-08-11 16:40:28.676655,,,,,,f,,{},3XXU1SWE8N4NGDJTHBHB5V1WJ7YA04,AssignmentAccepted
129,2020-08-11 16:40:31.154957,,,,,,f,,{},3KKG4CDWKJ7QAIRP86QDL3GPU1W49Z,AssignmentAbandoned
130,2020-08-11 16:40:31.307479,,,,,,f,,{},3X4JMASXCNISZNOLNPH706L21PJ0BP,AssignmentAbandoned
131,2020-08-11 16:40:31.332574,,,,,,f,,{},33ISQZVXPQVV3KB7D56M6RTLSZGCC1,AssignmentAbandoned
132,2020-08-11 16:40:31.517204,,,,,,f,,{},3PQ8K71NHYTJHQHB9DE4U1D9STAAAV,AssignmentAccepted
133,2020-08-11 16:40:31.541637,,,,,,f,,{},3WJEQKOXA9BNN24BDULBJ0K6OZ4A17,AssignmentAccepted
134,2020-08-11 16:40:31.566908,,,,,,f,,{},3WJEQKOXA9BNN24BDULBJ0K6OZ4A17,AssignmentAbandoned
135,2020-08-11 16:40:31.592055,,,,,,f,,{},38JBBYETQPJ75EI6GH6ZDHH0LYC4E9,AssignmentAbandoned
136,2020-08-11 16:40:31.616591,,,,,,f,,{},38JBBYETQPJ75EI6GH6ZDHH0LYC4E9,AssignmentAccepted
137,2020-08-11 16:40:31.641075,,,,,,f,,{},3PQ8K71NHYTJHQHB9DE4U1D9STAAAV,AssignmentAbandoned
138,2020-08-11 16:40:32.406715,,,,,,f,,{},3TS1AR6UQRNWUF0LDQOCYBMAO1HF7M,AssignmentAbandoned
139,2020-08-11 16:40:32.431806,,,,,,f,,{},3HYA4D452SSP8E3F7E7H2K52DLV2FT,AssignmentAbandoned
140,2020-08-11 16:40:32.461427,,,,,,f,,{},3HYA4D452SSP8E3F7E7H2K52DLV2FT,AssignmentAccepted
141,2020-08-11 16:40:32.778963,,,,,,f,,{},3TS1AR6UQRNWUF0LDQOCYBMAO1HF7M,AssignmentAccepted
142,2020-08-11 16:40:46.443786,,,,,,f,,{},3X4JMASXCNISZNOLNPH706L21PJ0BP,AssignmentAccepted
143,2020-08-11 16:40:46.46846,,,,,,f,,{},3KKG4CDWKJ7QAIRP86QDL3GPU1W49Z,AssignmentAccepted
144,2020-08-11 16:40:46.505896,,,,,,f,,{},33ISQZVXPQVV3KB7D56M6RTLSZGCC1,AssignmentAccepted
145,2020-08-11 16:40:49.578367,,,,,,f,,{},3TVRFO09GLOC9MG8HEV8NN4INQUXLG,AssignmentAccepted
146,2020-08-11 16:41:02.288166,,,,,,f,,{},3VE8AYVF8N60UT54NVGICBI5ZLNF89,AssignmentSubmitted
147,2020-08-11 16:41:08.883413,,,,,,f,,{},3TVRFO09GLOC9MG8HEV8NN4INQUXLG,AssignmentAccepted
148,2020-08-11 16:41:10.563135,,,,,,f,,{},3TVRFO09GLOC9MG8HEV8NN4INQUXLG,AssignmentReturned
149,2020-08-11 16:41:19.09921,,,,,,f,,{},3TVRFO09GLOC9MG8HEV8NN4INQUXLG,AssignmentAccepted
150,2020-08-11 16:41:19.133383,,,,,,f,,{},3TVRFO09GLOC9MG8HEV8NN4INQUXLG,AssignmentReturned
151,2020-08-11 16:41:34.057963,,,,,,f,,{},3QFUFYSY9ZOZBSI2BSQ5VZ20XZRF42,AssignmentSubmitted
152,2020-08-11 16:41:47.188016,,,,,,f,,{},3AQF3RZ559RDQFMGUGJKSXMETQXF6N,AssignmentSubmitted
153,2020-08-11 16:41:48.605908,,,,,,f,,{},3PQ8K71NHYTJHQHB9DE4U1D9STAAAV,AssignmentReturned
154,2020-08-11 16:41:53.878987,,,,,,f,,{},3PQ8K71NHYTJHQHB9DE4U1D9STAAAV,AssignmentAccepted
155,2020-08-11 16:44:14.388935,,,,,,f,,{},3NXNZ5RS1B6NT598A4OKOF0ZL3M79M,AssignmentSubmitted
156,2020-08-11 16:44:19.689875,,,,,,f,,{},32KTQ2V7REO6E8GVEAQ97XXPGSH9MZ,AssignmentReturned
157,2020-08-11 16:44:27.811741,,,,,,f,,{},39N5ACM9HFWCZBD86QI1O1RKLXS9PV,AssignmentSubmitted
158,2020-08-11 16:44:38.211075,,,,,,f,,{},32KTQ2V7REO6E8GVEAQ97XXPGSH9MZ,AssignmentAccepted
159,2020-08-11 16:44:42.919205,,,,,,f,,{},3OJSZ2ATDT54SI7W7EB3CZVXZ7375V,AssignmentSubmitted
160,2020-08-11 16:45:20.266691,,,,,,f,,{},3QXNC7EIPJ49BU9OP53B90QCDPG09F,AssignmentAbandoned
161,2020-08-11 16:45:20.291104,,,,,,f,,{},3QXNC7EIPJ49BU9OP53B90QCDPG09F,AssignmentAccepted
162,2020-08-11 16:46:20.17671,,,,,,f,,{},3OS4RQUCRAOJWR3BQ70S3D867R8FB8,AssignmentSubmitted
163,2020-08-11 16:46:58.828887,,,,,,f,,{},3WS1NTTKEZLIC401SR33JWCNGNBF0M,AssignmentAbandoned
164,2020-08-11 16:47:12.112063,,,,,,f,,{},3WS1NTTKEZLIC401SR33JWCNGNBF0M,AssignmentAccepted
165,2020-08-11 16:50:00.707509,,,,,,f,,{},3WS1NTTKEZLIC401SR33JWCNGNBF0M,AssignmentReturned
166,2020-08-11 16:50:00.760371,,,,,,f,,{},3PZDLQMM0UUI52J5GCHGUEKZG832CI,AssignmentReturned
167,2020-08-11 16:50:00.802173,,,,,,f,,{},3PZDLQMM0UUI52J5GCHGUEKZG832CI,AssignmentAccepted
168,2020-08-11 16:50:13.235549,,,,,,f,,{},3WS1NTTKEZLIC401SR33JWCNGNBF0M,AssignmentAccepted
169,2020-08-11 16:51:18.361387,,,,,,f,,{},3X4JMASXCNISZNOLNPH706L21PJ0BP,AssignmentSubmitted
170,2020-08-11 16:51:37.628055,,,,,,f,,{},33ISQZVXPQVV3KB7D56M6RTLSZGCC1,AssignmentSubmitted
171,2020-08-11 16:52:46.400839,,,,,,f,,{},3TE22NPXPCLPDCLDRBUM4V5989I443,AssignmentSubmitted
172,2020-08-11 16:54:18.972231,,,,,,f,,{},38JBBYETQPJ75EI6GH6ZDHH0LYC4E9,AssignmentReturned
173,2020-08-11 16:54:34.0879,,,,,,f,,{},38JBBYETQPJ75EI6GH6ZDHH0LYC4E9,AssignmentAccepted
174,2020-08-11 16:54:48.560414,,,,,,f,,"{""feedback"": ""It moves to this page when i clicked the next button"", ""error_text"": ""There has been an error and so you are unable to continue, sorry!"", ""error_type"": ""default"", ""request_data"": {""data"": ""{}"", ""route"": ""/node/44"", ""hit_id"": ""3OJX0UFJ0ZGN5WNAX9CU9OJWPXV9UN"", ""method"": ""post"", ""worker_id"": ""A1PYEAA87X9BHQ"", ""participant_id"": null}}",3WJEQKOXA9BNN24BDULBJ0K6OZ4A17,ExperimentError
175,2020-08-11 16:55:37.790258,,,,,,f,,{},3WT783CTPCQCTFJ1Z5ARV7N3AEGCBU,AssignmentReturned
