id,creation_time,property1,property2,property3,property4,property5,failed,time_of_death,details,type,fingerprint_hash,recruiter_id,worker_id,assignment_id,unique_id,hit_id,mode,end_time,base_pay,bonus,status
40,2020-08-11 16:45:10.413832,,,,,,f,,{},participant,7d219260eddf01ab9fc26da63d1535a1,mturk,40,32KTQ2V7REO6E8GVEAQ97XXPGSH9MZ,40:32KTQ2V7REO6E8GVEAQ97XXPGSH9MZ,3OJX0UFJ0ZGN5WNAX9CU9OJWPXV9UN,live,,,,working
43,2020-08-11 16:48:44.235735,,,,,,f,,{},participant,7e1abbd4acf6d5bb88d762c762b18a17,mturk,43,3Z7EFSHGNANJ6IM24129K4EVTH3XCN,43:3Z7EFSHGNANJ6IM24129K4EVTH3XCN,3OJX0UFJ0ZGN5WNAX9CU9OJWPXV9UN,live,,,,working
15,2020-08-11 16:14:14.907259,,,,,,f,,{},participant,6423abdc56835b5c631294adac1da29a,mturk,15,3OJSZ2ATDT54SI7W7EB3CZVXZ7375V,15:3OJSZ2ATDT54SI7W7EB3CZVXZ7375V,3OJX0UFJ0ZGN5WNAX9CU9OJWPXV9UN,live,2020-08-11 16:14:47.456869,,,returned
4,2020-08-11 16:11:46.038204,,,,,,f,,{},participant,049026ff6d38e3e1980c7b655f4e5eec,mturk,4,3WS1NTTKEZLIC401SR33JWCNGNBF0M,4:3WS1NTTKEZLIC401SR33JWCNGNBF0M,3OJX0UFJ0ZGN5WNAX9CU9OJWPXV9UN,live,2020-08-11 16:16:56.379801,,,returned
5,2020-08-11 16:12:05.512643,,,,,,f,,{},participant,74123a43192a7e2e0d70d47fb06b8ebb,mturk,5,3S3AMIZX3VE58CHLD11XQXB3DZSCD1,5:3S3AMIZX3VE58CHLD11XQXB3DZSCD1,3OJX0UFJ0ZGN5WNAX9CU9OJWPXV9UN,live,2020-08-11 16:18:37.999785,1,1.39,approved
3,2020-08-11 16:11:35.182542,,,,,,f,,{},participant,3df557d9229fafb959e7688ba7072128,mturk,3,37ZHEEHM6XV1E3KSTVNAX2XDLBC735,3:37ZHEEHM6XV1E3KSTVNAX2XDLBC735,3OJX0UFJ0ZGN5WNAX9CU9OJWPXV9UN,live,2020-08-11 16:23:37.027371,1,1.84,approved
2,2020-08-11 16:11:09.733447,,,,,,f,,{},participant,99c4584a683d080f28db545cb828b77b,mturk,2,3Z2R0DQ0JINX203JC3NBK2K21KG2EB,2:3Z2R0DQ0JINX203JC3NBK2K21KG2EB,3OJX0UFJ0ZGN5WNAX9CU9OJWPXV9UN,live,2020-08-11 16:19:00.747604,1,1.16,approved
1,2020-08-11 16:10:36.143911,,,,,,f,,{},participant,f8da574a3b76f67bedecdb63f992aa72,mturk,1,31Q0U3WYDQO5406D6R9R99IGNRY71D,1:31Q0U3WYDQO5406D6R9R99IGNRY71D,3OJX0UFJ0ZGN5WNAX9CU9OJWPXV9UN,live,2020-08-11 16:19:08.723285,1,1.9,approved
12,2020-08-11 16:13:39.607286,,,,,,f,,{},participant,edf74097a24ee737f340fae074ba0e61,mturk,12,3MYYFCXHJ4G5PSEXMCWNDK2CYER4GQ,12:3MYYFCXHJ4G5PSEXMCWNDK2CYER4GQ,3OJX0UFJ0ZGN5WNAX9CU9OJWPXV9UN,live,2020-08-11 16:21:36.825826,1,1.94,approved
18,2020-08-11 16:15:31.88068,,,,,,f,,{},participant,3c0009690f0dc8dec6e24ad9765d53cf,mturk,18,3L6L49WXW1679VPD5GDW9NBN85D458,18:3L6L49WXW1679VPD5GDW9NBN85D458,3OJX0UFJ0ZGN5WNAX9CU9OJWPXV9UN,live,2020-08-11 16:25:55.802859,1,1.68,approved
10,2020-08-11 16:13:30.277633,,,,,,f,,{},participant,6d7751843a7d6efa9594dbba3d214a5e,mturk,10,3FTF2T8WLSR2JKA9ICWWGVZGEUV9WQ,10:3FTF2T8WLSR2JKA9ICWWGVZGEUV9WQ,3OJX0UFJ0ZGN5WNAX9CU9OJWPXV9UN,live,2020-08-11 16:21:50.352423,1,1.99,approved
7,2020-08-11 16:12:42.177773,,,,,,f,,{},participant,abc246a73dcf4f852d55f121645cd790,mturk,7,3AZHRG4CU5TNWSK88W21INNQDX603Y,7:3AZHRG4CU5TNWSK88W21INNQDX603Y,3OJX0UFJ0ZGN5WNAX9CU9OJWPXV9UN,live,2020-08-11 16:22:39.832659,1,1.76,approved
6,2020-08-11 16:12:09.895489,,,,,,f,,{},participant,d0361712d920c246f5da0ac72d8fec0d,mturk,6,3BWI6RSP7HI4O10PIF46GT1AC027EW,6:3BWI6RSP7HI4O10PIF46GT1AC027EW,3OJX0UFJ0ZGN5WNAX9CU9OJWPXV9UN,live,2020-08-11 16:23:35.07864,1,1.73,approved
8,2020-08-11 16:13:06.182088,,,,,,f,,{},participant,bfb3fd4e2c1e033bcc08605d3fb45fe6,mturk,8,324G5B4FB4H5XBLVA85RV4Z6IZS073,8:324G5B4FB4H5XBLVA85RV4Z6IZS073,3OJX0UFJ0ZGN5WNAX9CU9OJWPXV9UN,live,2020-08-11 16:23:16.293304,1,1.51,approved
17,2020-08-11 16:15:12.723252,,,,,,f,,{},participant,29055306a2d2601936787d973aa887a1,mturk,17,3KKG4CDWKJ7QAIRP86QDL3GPU1W49Z,17:3KKG4CDWKJ7QAIRP86QDL3GPU1W49Z,3OJX0UFJ0ZGN5WNAX9CU9OJWPXV9UN,live,2020-08-11 16:40:31.161571,,,abandoned
16,2020-08-11 16:15:01.961156,,,,,,f,,{},participant,63b373cfb173ff965551419832aedd90,mturk,16,3SB4CE2TJW4VD3P4KN6IE9O7TEIXAL,16:3SB4CE2TJW4VD3P4KN6IE9O7TEIXAL,3OJX0UFJ0ZGN5WNAX9CU9OJWPXV9UN,live,2020-08-11 16:24:32.933354,1,1.45,approved
20,2020-08-11 16:18:12.400373,,,,,,f,,{},participant,654d7102dfaf65d18e9784a201b0756c,mturk,20,3QAPZX2QN5MYBAOP4WOWZDIY7J602N,20:3QAPZX2QN5MYBAOP4WOWZDIY7J602N,3OJX0UFJ0ZGN5WNAX9CU9OJWPXV9UN,live,2020-08-11 16:25:48.98746,1,2.14,approved
14,2020-08-11 16:14:06.399454,,,,,,f,,{},participant,2f4ebe9f6302f95b1e702ccb8af2d631,mturk,14,3I33IC7ZWGBUCNM7WYLPOJUBG5I2AG,14:3I33IC7ZWGBUCNM7WYLPOJUBG5I2AG,3OJX0UFJ0ZGN5WNAX9CU9OJWPXV9UN,live,2020-08-11 16:26:06.237965,1,2.07,approved
11,2020-08-11 16:13:33.995903,,,,,,f,,{},participant,8eb7b7c0d417ee9ae3bcc790d3367798,mturk,11,3I33IC7ZWGBUCNM7WYLPOJUBG5IA2O,11:3I33IC7ZWGBUCNM7WYLPOJUBG5IA2O,3OJX0UFJ0ZGN5WNAX9CU9OJWPXV9UN,live,2020-08-11 16:25:48.894207,1,1.1,approved
21,2020-08-11 16:18:34.81968,,,,,,f,,{},participant,8205b45a731f7c8f7525606d9aa6bf4c,mturk,21,3WT783CTPCQCTFJ1Z5ARV7N3AEGCBU,21:3WT783CTPCQCTFJ1Z5ARV7N3AEGCBU,3OJX0UFJ0ZGN5WNAX9CU9OJWPXV9UN,live,2020-08-11 16:25:59.934345,,,returned
26,2020-08-11 16:25:37.440228,,,,,,f,,{},participant,99b7501b2c1615f4858c8eded18a54cb,mturk,26,3OS4RQUCRAOJWR3BQ70S3D867R8FB8,26:3OS4RQUCRAOJWR3BQ70S3D867R8FB8,3OJX0UFJ0ZGN5WNAX9CU9OJWPXV9UN,live,2020-08-11 16:26:39.526022,,,returned
13,2020-08-11 16:13:49.603414,,,,,,f,,{},participant,0557f010bff9573f2e150bf4e5467340,mturk,13,3Z4GS9HPNWJJFMLFV7Q0AJ9TQDY77A,13:3Z4GS9HPNWJJFMLFV7Q0AJ9TQDY77A,3OJX0UFJ0ZGN5WNAX9CU9OJWPXV9UN,live,2020-08-11 16:27:00.757478,1,1.67,approved
28,2020-08-11 16:27:12.190544,,,,,,f,,{},participant,df9982baaf2f03915f1042dbdef5e952,mturk,28,3OS4RQUCRAOJWR3BQ70S3D867R8FB8,28:3OS4RQUCRAOJWR3BQ70S3D867R8FB8,3OJX0UFJ0ZGN5WNAX9CU9OJWPXV9UN,live,2020-08-11 16:30:54.192313,,,returned
19,2020-08-11 16:15:52.209054,,,,,,f,,{},participant,b47286ed1067db7b2c838f3524393723,mturk,19,3VELCLL3GLSIJTLJOA73X1VXLFHF1P,19:3VELCLL3GLSIJTLJOA73X1VXLFHF1P,3OJX0UFJ0ZGN5WNAX9CU9OJWPXV9UN,live,2020-08-11 16:28:14.12842,1,1.94,approved
24,2020-08-11 16:19:47.619912,,,,,,f,,{},participant,51081a936b5282cec933338f4369fbb7,mturk,24,3Y54SXRO1MU8BVUILIMCP7FVNLMUTB,24:3Y54SXRO1MU8BVUILIMCP7FVNLMUTB,3OJX0UFJ0ZGN5WNAX9CU9OJWPXV9UN,live,2020-08-11 16:29:18.236037,1,1.18,approved
22,2020-08-11 16:18:42.87076,,,,,,f,,{},participant,3e84ed41aeba915ab654e93dcae6cd6c,mturk,22,3BXQMRHWK074Y04YCLL03TK3TDQUMA,22:3BXQMRHWK074Y04YCLL03TK3TDQUMA,3OJX0UFJ0ZGN5WNAX9CU9OJWPXV9UN,live,2020-08-11 16:30:37.377977,1,1.38,approved
23,2020-08-11 16:18:45.457396,,,,,,f,,{},participant,641513680b764ff4b9be8e80bad208c1,mturk,23,3TE22NPXPCLPDCLDRBUM4V5989I443,23:3TE22NPXPCLPDCLDRBUM4V5989I443,3OJX0UFJ0ZGN5WNAX9CU9OJWPXV9UN,live,2020-08-11 16:31:42.257027,,,returned
9,2020-08-11 16:13:08.628977,,,,,,f,,{},participant,1897d0fae504b9aac6551b117b79656c,mturk,9,3PB5A5BD0WF28FWGOAUUGWMMPGH7GD,9:3PB5A5BD0WF28FWGOAUUGWMMPGH7GD,3OJX0UFJ0ZGN5WNAX9CU9OJWPXV9UN,live,2020-08-11 16:40:22.71715,,,abandoned
29,2020-08-11 16:31:30.849545,,,,,,f,,{},participant,cb7ecc3f9d05e3baaea7920b13df231d,mturk,29,3AQF3RZ559RDQFMGUGJKSXMETQXF6N,29:3AQF3RZ559RDQFMGUGJKSXMETQXF6N,3OJX0UFJ0ZGN5WNAX9CU9OJWPXV9UN,live,2020-08-11 16:41:47.19423,1,2.12,approved
41,2020-08-11 16:46:34.818817,,,,,,f,,{},participant,0d3d6616a94ae47d0f6fbb924e54ef7c,mturk,41,3HYA4D452SSP8E3F7E7H2K52DLV2FT,41:3HYA4D452SSP8E3F7E7H2K52DLV2FT,3OJX0UFJ0ZGN5WNAX9CU9OJWPXV9UN,live,,,,working
39,2020-08-11 16:43:43.21574,,,,,,f,,{},participant,05f85700f401e723cb48cfe537c81ccb,mturk,39,3X4JMASXCNISZNOLNPH706L21PJ0BP,39:3X4JMASXCNISZNOLNPH706L21PJ0BP,3OJX0UFJ0ZGN5WNAX9CU9OJWPXV9UN,live,2020-08-11 16:51:18.367527,1,1.14,approved
44,2020-08-11 16:52:35.655041,,,,,,f,,{},participant,70eb1c1b5930776d50fd5271178be7da,mturk,44,3WJEQKOXA9BNN24BDULBJ0K6OZ4A17,44:3WJEQKOXA9BNN24BDULBJ0K6OZ4A17,3OJX0UFJ0ZGN5WNAX9CU9OJWPXV9UN,live,,,,working
31,2020-08-11 16:33:58.884774,,,,,,f,,{},participant,4ca8dfbe441dc9f93f4d57183706f635,mturk,31,3TE22NPXPCLPDCLDRBUM4V5989I443,31:3TE22NPXPCLPDCLDRBUM4V5989I443,3OJX0UFJ0ZGN5WNAX9CU9OJWPXV9UN,live,2020-08-11 16:52:46.407356,1,1.6,approved
25,2020-08-11 16:20:38.129536,,,,,,f,,{},participant,012aaea625f1d281232ed2281ae6faee,mturk,25,35L9RVQFCPRI6M3NLO5NBOC7CRRUH1,25:35L9RVQFCPRI6M3NLO5NBOC7CRRUH1,3OJX0UFJ0ZGN5WNAX9CU9OJWPXV9UN,live,2020-08-11 16:40:16.920606,,,abandoned
34,2020-08-11 16:37:21.428811,,,,,,f,,{},participant,9bbaeccea6c2b36a4e0831bb59c26779,mturk,34,39N5ACM9HFWCZBD86QI1O1RKLXS9PV,34:39N5ACM9HFWCZBD86QI1O1RKLXS9PV,3OJX0UFJ0ZGN5WNAX9CU9OJWPXV9UN,live,2020-08-11 16:44:27.817961,1,1.92,approved
30,2020-08-11 16:33:22.291445,,,,,,f,,{},participant,58002fc6eda95b9a1b648a64bb798c20,mturk,30,3VE8AYVF8N60UT54NVGICBI5ZLNF89,30:3VE8AYVF8N60UT54NVGICBI5ZLNF89,3OJX0UFJ0ZGN5WNAX9CU9OJWPXV9UN,live,2020-08-11 16:41:02.294745,1,1.71,approved
27,2020-08-11 16:27:11.384776,,,,,,f,,{},participant,117f3b2fea25baf60eba3a803a946709,mturk,27,3QFUFYSY9ZOZBSI2BSQ5VZ20XZRF42,27:3QFUFYSY9ZOZBSI2BSQ5VZ20XZRF42,3OJX0UFJ0ZGN5WNAX9CU9OJWPXV9UN,live,2020-08-11 16:41:34.063999,1,1.93,approved
33,2020-08-11 16:35:53.914978,,,,,,f,,{},participant,00923bbeac5b7bffc2c96204bcd24904,mturk,33,3OJSZ2ATDT54SI7W7EB3CZVXZ7375V,33:3OJSZ2ATDT54SI7W7EB3CZVXZ7375V,3OJX0UFJ0ZGN5WNAX9CU9OJWPXV9UN,live,2020-08-11 16:44:42.925403,1,2.16,approved
35,2020-08-11 16:38:17.041179,,,,,,f,,{},participant,292916cd16556081d51b2672da641c80,mturk,35,3NXNZ5RS1B6NT598A4OKOF0ZL3M79M,35:3NXNZ5RS1B6NT598A4OKOF0ZL3M79M,3OJX0UFJ0ZGN5WNAX9CU9OJWPXV9UN,live,2020-08-11 16:44:14.395046,1,1.92,approved
36,2020-08-11 16:38:25.985114,,,,,,f,,{},participant,4847b83dbb746227e5e32925aa5967a7,mturk,36,3OS4RQUCRAOJWR3BQ70S3D867R8FB8,36:3OS4RQUCRAOJWR3BQ70S3D867R8FB8,3OJX0UFJ0ZGN5WNAX9CU9OJWPXV9UN,live,2020-08-11 16:46:20.18275,1,1.92,approved
42,2020-08-11 16:48:32.138927,,,,,,f,,{},participant,3aaf36370aff3f7be595212d53351ae7,mturk,42,3QXNC7EIPJ49BU9OP53B90QCDPG09F,42:3QXNC7EIPJ49BU9OP53B90QCDPG09F,3OJX0UFJ0ZGN5WNAX9CU9OJWPXV9UN,live,,,,working
38,2020-08-11 16:42:59.360681,,,,,,f,,{},participant,0637f39938358e75f61630ff17f1b8f3,mturk,38,3PZDLQMM0UUI52J5GCHGUEKZG832CI,38:3PZDLQMM0UUI52J5GCHGUEKZG832CI,3OJX0UFJ0ZGN5WNAX9CU9OJWPXV9UN,live,2020-08-11 16:50:00.766357,,,returned
37,2020-08-11 16:42:50.288974,,,,,,f,,{},participant,176ee9e2ba895c6d9c7ba38675dd45e4,mturk,37,33ISQZVXPQVV3KB7D56M6RTLSZGCC1,37:33ISQZVXPQVV3KB7D56M6RTLSZGCC1,3OJX0UFJ0ZGN5WNAX9CU9OJWPXV9UN,live,2020-08-11 16:51:37.633832,1,1.48,approved
45,2020-08-11 16:54:51.318787,,,,,,f,,{},participant,5307593aed5914d4becf7a8141bb0163,mturk,45,3PZDLQMM0UUI52J5GCHGUEKZG832CI,45:3PZDLQMM0UUI52J5GCHGUEKZG832CI,3OJX0UFJ0ZGN5WNAX9CU9OJWPXV9UN,live,,,,working
32,2020-08-11 16:35:05.242044,,,,,,f,,{},participant,f3ea04f2f9c4d2685999828cfe151833,mturk,32,3T111IHZ5FZXBOTNJIMQTWRZMFG9RN,32:3T111IHZ5FZXBOTNJIMQTWRZMFG9RN,3OJX0UFJ0ZGN5WNAX9CU9OJWPXV9UN,live,2020-08-11 16:55:17.172909,,,working
