id,creation_time,property1,property2,property3,property4,property5,failed,time_of_death,details,type,participant_id,number,question,response
1,2020-08-11 16:18:01.512712,,,,,,f,,{},question,2,1,questionnaire,"{""moral"":""Just follow the instructions"",""behaviour"":""I was make some decision to have good."",""understanding"":""10"",""Age"":""28"",""Gender"":""Female"",""Nationality"":""White""}"
2,2020-08-11 16:18:20.456381,,,,,,f,,{},question,5,1,questionnaire,"{""moral"":""Just follow the instructions"",""behaviour"":""good"",""understanding"":""10"",""Age"":""28"",""Gender"":""male"",""Nationality"":""White""}"
3,2020-08-11 16:18:46.173626,,,,,,f,,{},question,1,1,questionnaire,"{""moral"":""I think most people would say I behaved normal in this game."",""behaviour"":""I just tried to look out for myself for the most part because I didn't expect anyone else to."",""understanding"":""10"",""Age"":""25"",""Gender"":""Female"",""Nationality"":""White""}"
4,2020-08-11 16:21:06.431738,,,,,,f,,{},question,12,1,questionnaire,"{""moral"":""very nice"",""behaviour"":""good"",""understanding"":""7"",""Age"":""52"",""Gender"":""male"",""Nationality"":""White""}"
5,2020-08-11 16:21:22.531772,,,,,,f,,{},question,10,1,questionnaire,"{""moral"":""slightly different from me"",""behaviour"":""moderately well"",""understanding"":""7"",""Age"":""30"",""Gender"":""female"",""Nationality"":""White""}"
6,2020-08-11 16:21:45.102513,,,,,,f,,{},question,7,1,questionnaire,"{""moral"":""Most would try to maximize their share of the game."",""behaviour"":""I try to equalize the earnings for everyone as much as I can."",""understanding"":""9"",""Age"":""61"",""Gender"":""male"",""Nationality"":""White""}"
7,2020-08-11 16:22:46.93448,,,,,,f,,{},question,6,1,questionnaire,"{""moral"":""Probably do their best"",""behaviour"":""It's more interesting to do so"",""understanding"":""10"",""Age"":""36"",""Gender"":""Female"",""Nationality"":""White""}"
8,2020-08-11 16:22:50.382898,,,,,,f,,{},question,3,1,questionnaire,"{""moral"":""help others"",""behaviour"":""little straight"",""understanding"":""5"",""Age"":""28"",""Gender"":""male"",""Nationality"":""White""}"
9,2020-08-11 16:22:52.675024,,,,,,f,,{},question,8,1,questionnaire,"{""moral"":""I think most people should behave with the majority in mind. "",""behaviour"":""I choose to behave the way i did because i wanted the best outcome for myself and the majority."",""understanding"":""6"",""Age"":""31"",""Gender"":""Male"",""Nationality"":""Prefer not to say""}"
10,2020-08-11 16:23:18.000743,,,,,,f,,{},question,9,1,questionnaire,"{""moral"":""VERY GOOD"",""behaviour"":""OK"",""understanding"":""6"",""Age"":""34"",""Gender"":""FEMALE"",""Nationality"":""White""}"
11,2020-08-11 16:23:55.311839,,,,,,f,,{},question,16,1,questionnaire,"{""moral"":""they would probably keep some and give a little, not thinking about the end result or trusting others"",""behaviour"":""I wanted the best outcome."",""understanding"":""10"",""Age"":""65"",""Gender"":""Female"",""Nationality"":""White""}"
12,2020-08-11 16:24:54.414047,,,,,,f,,{},question,11,1,questionnaire,"{""moral"":""It is in everyone's interest to donate to public fund."",""behaviour"":""Because it was fair and eventually in my interest as well."",""understanding"":""10"",""Age"":""25"",""Gender"":""Male"",""Nationality"":""Asian""}"
13,2020-08-11 16:25:06.162399,,,,,,f,,{},question,20,1,questionnaire,"{""moral"":"""",""behaviour"":"""",""understanding"":""5"",""Age"":""25"",""Gender"":""male"",""Nationality"":""Prefer not to say""}"
14,2020-08-11 16:25:20.649221,,,,,,f,,{},question,18,1,questionnaire,"{""moral"":""not sure but I would hope fairly"",""behaviour"":""to be fair and give everyone a chance to earn"",""understanding"":""9"",""Age"":""55"",""Gender"":""female"",""Nationality"":""White""}"
15,2020-08-11 16:25:26.646406,,,,,,f,,{},question,14,1,questionnaire,"{""moral"":""most people would expect me to contribute to the group as much as possible. People wold expect me to be co-operative rather than competitive. "",""behaviour"":""I contributed as little as possible due to distrust. I expected other team members to behave just like me so I tried to save points as much as possible to me. "",""understanding"":""10"",""Age"":""31"",""Gender"":""Male"",""Nationality"":""Asian""}"
16,2020-08-11 16:25:35.105736,,,,,,f,,{},question,21,1,questionnaire,"{""moral"":""They would feel like it is a team effort."",""behaviour"":""I wanted to be fair."",""understanding"":""10"",""Age"":""44"",""Gender"":""female"",""Nationality"":""White""}"
17,2020-08-11 16:25:57.754935,,,,,,f,,{},question,13,1,questionnaire,"{""moral"":""Most people would say to donate and earn in this game."",""behaviour"":""I choose to donate to the public funds as it increases the overall public fund and it can be splitted to overall players"",""understanding"":""5"",""Age"":"""",""Gender"":"""",""Nationality"":""Prefer not to say""}"
18,2020-08-11 16:27:51.690312,,,,,,f,,{},question,19,1,questionnaire,"{""moral"":""Probably they will say to collaborate with some amount to test the waters and then collaborate more if the others are collaborating too. "",""behaviour"":""I tried to earn the most for me. I started giving a full donation and slowly diminished my share so that no one noticed too much and keep collaborating while I earn more. I think I should've had a faster rhythm in diminishing my donations, but I end up doing well. "",""understanding"":""10"",""Age"":""62"",""Gender"":""Female"",""Nationality"":""Other""}"
19,2020-08-11 16:28:09.966698,,,,,,f,,{},question,23,1,questionnaire,"{""moral"":""You should make sure people don't get just 10"",""behaviour"":""I chose to donate 1 so I could get more than 10 each round."",""understanding"":""10"",""Age"":""28"",""Gender"":""Male"",""Nationality"":""White""}"
20,2020-08-11 16:28:49.894101,,,,,,f,,{},question,24,1,questionnaire,"{""moral"":""Overall experience good"",""behaviour"":""Nice game"",""understanding"":""8"",""Age"":""36"",""Gender"":""Female"",""Nationality"":""White""}"
21,2020-08-11 16:29:18.441637,,,,,,f,,{},question,22,1,questionnaire,"{""moral"":""GOOD AND human cooperative behaviour and how this might be influenced by social learning. "",""behaviour"":""I LIKE SOCIAL BEHAVIOUR"",""understanding"":""8"",""Age"":""28"",""Gender"":""FEMALE"",""Nationality"":""White""}"
22,2020-08-11 16:29:47.268185,,,,,,f,,{},question,23,1,questionnaire,"{""moral"":""You should make sure people don't get just 10"",""behaviour"":""I chose to donate 1 so I could get more than 10 each round."",""understanding"":""10"",""Age"":""28"",""Gender"":""Male"",""Nationality"":""White""}"
23,2020-08-11 16:40:35.719266,,,,,,f,,{},question,27,1,questionnaire,"{""moral"":""good game"",""behaviour"":""undrestand the game"",""understanding"":""5"",""Age"":""25"",""Gender"":""male"",""Nationality"":""Asian""}"
24,2020-08-11 16:40:46.338467,,,,,,f,,{},question,30,1,questionnaire,"{""moral"":""That you should share all your funds so that everyone can get an equal amount."",""behaviour"":""I at first assumed most wouldn't share but then decided to give it a try anyway and added the full ten. I earned more that way."",""understanding"":""5"",""Age"":""35"",""Gender"":""female"",""Nationality"":""White""}"
25,2020-08-11 16:41:24.711882,,,,,,f,,{},question,29,1,questionnaire,"{""moral"":""YES"",""behaviour"":""FOR SOME REASON"",""understanding"":""5"",""Age"":""54"",""Gender"":""FEMALE"",""Nationality"":""White""}"
26,2020-08-11 16:43:26.92179,,,,,,f,,{},question,35,1,questionnaire,"{""moral"":""as they wish"",""behaviour"":""maximize earnings"",""understanding"":""8"",""Age"":""36"",""Gender"":""m"",""Nationality"":""White""}"
27,2020-08-11 16:43:39.449348,,,,,,f,,{},question,34,1,questionnaire,"{""moral"":""Give all to benefit group"",""behaviour"":""I wanted to establish trust because everyone would be able to get more money that way"",""understanding"":""10"",""Age"":""25"",""Gender"":""female"",""Nationality"":""White""}"
28,2020-08-11 16:43:40.282611,,,,,,f,,{},question,33,1,questionnaire,"{""moral"":""nice"",""behaviour"":""10"",""understanding"":""5"",""Age"":""32"",""Gender"":""male"",""Nationality"":""Black""}"
29,2020-08-11 16:45:59.891571,,,,,,f,,{},question,36,1,questionnaire,"{""moral"":""That you should watch how other people play. If they contribute large amounts to the shared pool, you should too, but if they don't, there isn't any reason for you to either. "",""behaviour"":""I choose to always contribute the maximum amount to in the hopes that everyone else would and we would all earn more. "",""understanding"":""9"",""Age"":""29"",""Gender"":""nonbinary"",""Nationality"":""White""}"
30,2020-08-11 16:51:03.736969,,,,,,f,,{},question,39,1,questionnaire,"{""moral"":""it is easy study"",""behaviour"":""thanks"",""understanding"":""8"",""Age"":""23"",""Gender"":""female"",""Nationality"":""White""}"
31,2020-08-11 16:51:04.902115,,,,,,f,,{},question,37,1,questionnaire,"{""moral"":""good"",""behaviour"":""nice"",""understanding"":""9"",""Age"":""25"",""Gender"":""male"",""Nationality"":""Prefer not to say""}"
32,2020-08-11 16:52:14.801566,,,,,,f,,{},question,31,1,questionnaire,"{""moral"":""good to participate in this game."",""behaviour"":""just played by luck."",""understanding"":""5"",""Age"":""47"",""Gender"":""female"",""Nationality"":""Prefer not to say""}"
33,2020-08-11 16:55:17.08885,,,,,,f,,{},question,32,1,questionnaire,"{""moral"":""They would say I behaved in the group's best interest."",""behaviour"":""I wanted to maximize the groups earnings."",""understanding"":""5"",""Age"":""30"",""Gender"":""female"",""Nationality"":""White""}"
