id,creation_time,property1,property2,property3,property4,property5,failed,time_of_death,details,type,max_size,full,role
6,2020-07-30 17:16:52.902129,"{""num_probes"": 4}",,,,,f,,{},Robin_Network,4,t,experiment
7,2020-07-30 17:16:52.903423,"{""num_probes"": 4}",,,,,f,,{},Robin_Network,5,t,experiment
8,2020-07-30 17:16:52.904712,"{""num_probes"": 4}",,,,,f,,{},Robin_Network,5,t,experiment
1,2020-07-30 17:16:52.894928,"{""num_probes"": 4}",,,,,f,,{},Robin_Network,5,t,experiment
2,2020-07-30 17:16:52.897009,"{""num_probes"": 4}",,,,,f,,{},Robin_Network,4,t,experiment
9,2020-07-30 17:16:52.905953,"{""num_probes"": 4}",,,,,f,,{},Robin_Network,4,t,experiment
10,2020-07-30 17:16:52.907211,"{""num_probes"": 4}",,,,,f,,{},Robin_Network,4,t,experiment
3,2020-07-30 17:16:52.898307,"{""num_probes"": 4}",,,,,f,,{},Robin_Network,3,t,experiment
4,2020-07-30 17:16:52.899598,"{""num_probes"": 4}",,,,,f,,{},Robin_Network,5,t,experiment
5,2020-07-30 17:16:52.90086,"{""num_probes"": 4}",,,,,f,,{},Robin_Network,5,t,experiment
