id,creation_time,property1,property2,property3,property4,property5,failed,time_of_death,details,type,network_id,participant_id
2,2020-07-30 17:16:52.925714,"{""pot"": 8.0}","{""round"": 6}","{""snowdrift"": 0}",,,f,,{},pot_of_greed_bot,1,
11,2020-07-30 17:16:52.981289,,,,,,t,2020-07-30 17:48:55.586863,{},quiz_source,6,
49,2020-07-30 17:46:26.138583,"{""score_in_quiz"": 4, ""last_request"": ""2020-07-30 17:52:00.677972""}","{""prestige"": 0}","{""score_in_pgg"": 72.5, ""round_earnings"": []}","{""leftovers"": 8, ""donation"": 2, ""info_choice"": ""BB""}","{""prestige_list"": [6, 9, 10, 7, 1, 2], ""conform_list"": [2.75, 4.5, 4.25, 2.25, 2.25, 1.75], ""payoff_list"": [0, 0, 0, 0, 0, 0]}",f,,{},probe_node,6,31
46,2020-07-30 17:40:44.801076,"{""score_in_quiz"": 0, ""last_request"": ""2020-07-30 17:41:23.933179""}","{""prestige"": 0}","{""score_in_pgg"": 0, ""round_earnings"": []}","{""leftovers"": 0, ""donation"": 0, ""info_choice"": ""BB""}","{""prestige_list"": [], ""conform_list"": [], ""payoff_list"": []}",t,2020-07-30 17:41:34.07745,{},probe_node,6,27
12,2020-07-30 17:16:52.986331,"{""pot"": 3.5}","{""round"": 6}","{""snowdrift"": 0}",,,f,,{},pot_of_greed_bot,6,
55,2020-07-30 17:54:37.364525,"{""score_in_quiz"": 6, ""last_request"": ""2020-07-30 18:01:33.495735""}","{""prestige"": 1}","{""score_in_pgg"": 89.0, ""round_earnings"": []}","{""leftovers"": 0, ""donation"": 10, ""info_choice"": ""BB""}","{""prestige_list"": [10, 10, 10, 10, 10, 10], ""conform_list"": [7.0, 7.5, 8.25, 7.5, 7.0, 7.25], ""payoff_list"": [0, 0, 4, 0, 0, 0]}",f,,{},probe_node,8,35
20,2020-07-30 17:16:53.035663,"{""pot"": 13.0}","{""round"": 6}","{""snowdrift"": 0}",,,f,,{},pot_of_greed_bot,10,
13,2020-07-30 17:16:52.992954,,,,,,t,2020-07-30 17:57:25.075962,{},quiz_source,7,
10,2020-07-30 17:16:52.974351,"{""pot"": 9.5}","{""round"": 6}","{""snowdrift"": 0}",,,f,,{},pot_of_greed_bot,5,
14,2020-07-30 17:16:52.998032,"{""pot"": 17.5}","{""round"": 6}","{""snowdrift"": 0}",,,f,,{},pot_of_greed_bot,7,
59,2020-07-30 18:00:29.839355,"{""score_in_quiz"": 0, ""last_request"": ""2020-07-30 18:00:49.391262""}","{""prestige"": 0}","{""score_in_pgg"": 0, ""round_earnings"": []}","{""leftovers"": 0, ""donation"": 0, ""info_choice"": ""BB""}","{""prestige_list"": [], ""conform_list"": [], ""payoff_list"": []}",t,2020-07-30 18:01:03.417846,{},probe_node,9,39
15,2020-07-30 17:16:53.004979,,,,,,t,2020-07-30 17:58:49.196309,{},quiz_source,8,
16,2020-07-30 17:16:53.010075,"{""pot"": 14.5}","{""round"": 6}","{""snowdrift"": 0}",,,f,,{},pot_of_greed_bot,8,
22,2020-07-30 17:18:21.321137,"{""score_in_quiz"": 0, ""last_request"": ""2020-07-30 17:19:40.439258""}","{""prestige"": 0}","{""score_in_pgg"": 0, ""round_earnings"": []}","{""leftovers"": 0, ""donation"": 0, ""info_choice"": ""BB""}","{""prestige_list"": [], ""conform_list"": [], ""payoff_list"": []}",t,2020-07-30 17:19:56.985014,{},probe_node,1,4
23,2020-07-30 17:19:13.370658,"{""score_in_quiz"": 4, ""last_request"": ""2020-07-30 17:26:04.898425""}","{""prestige"": 0}","{""score_in_pgg"": 87.0, ""round_earnings"": []}","{""leftovers"": 5, ""donation"": 5, ""info_choice"": ""BB""}","{""prestige_list"": [0, 0, 0, 1, 5, 0], ""conform_list"": [3.75, 5.0, 4.5, 4.0, 5.75, 4.0], ""payoff_list"": [0, 0, 0, 1, 5, 0]}",f,,{},probe_node,1,3
24,2020-07-30 17:20:07.981963,"{""score_in_quiz"": 2, ""last_request"": ""2020-07-30 17:26:05.604804""}","{""prestige"": 0}","{""score_in_pgg"": 91.0, ""round_earnings"": []}","{""leftovers"": 8, ""donation"": 2, ""info_choice"": ""BB""}","{""prestige_list"": [0, 0, 0, 1, 5, 0], ""conform_list"": [3.75, 5.0, 4.5, 4.0, 5.75, 4.0], ""payoff_list"": [0, 0, 0, 1, 5, 0]}",f,,{},probe_node,1,2
3,2020-07-30 17:16:52.933057,,,,,,t,2020-07-30 17:23:51.833029,{},quiz_source,2,
1,2020-07-30 17:16:52.918771,,,,,,t,2020-07-30 17:23:01.676818,{},quiz_source,1,
27,2020-07-30 17:21:38.2353,"{""score_in_quiz"": 7, ""last_request"": ""2020-07-30 17:26:09.296047""}","{""prestige"": 1}","{""score_in_pgg"": 99.99999999999999, ""round_earnings"": []}","{""leftovers"": 10, ""donation"": 0, ""info_choice"": ""BB""}","{""prestige_list"": [10, 0, 0, 0, 0, 0], ""conform_list"": [7.333333333333333, 3.6666666666666665, 2.0, 3.3333333333333335, 3.6666666666666665, 5.0], ""payoff_list"": [5, 1, 0, 0, 0, 0]}",f,,{},probe_node,2,8
29,2020-07-30 17:21:46.260649,"{""score_in_quiz"": 5, ""last_request"": ""2020-07-30 17:26:09.382448""}","{""prestige"": 0}","{""score_in_pgg"": 73.0, ""round_earnings"": []}","{""leftovers"": 0, ""donation"": 10, ""info_choice"": ""BB""}","{""prestige_list"": [10, 0, 0, 0, 0, 0], ""conform_list"": [7.333333333333333, 3.6666666666666665, 2.0, 3.3333333333333335, 3.6666666666666665, 5.0], ""payoff_list"": [5, 1, 0, 0, 0, 0]}",f,,{},probe_node,2,7
21,2020-07-30 17:18:13.157181,"{""score_in_quiz"": 5, ""last_request"": ""2020-07-30 17:26:05.788218""}","{""prestige"": 1}","{""score_in_pgg"": 108.0, ""round_earnings"": []}","{""leftovers"": 10, ""donation"": 0, ""info_choice"": ""BB""}","{""prestige_list"": [0, 0, 0, 1, 5, 0], ""conform_list"": [3.75, 5.0, 4.5, 4.0, 5.75, 4.0], ""payoff_list"": [0, 0, 0, 1, 5, 0]}",f,,{},probe_node,1,1
4,2020-07-30 17:16:52.93845,"{""pot"": 10.0}","{""round"": 6}","{""snowdrift"": 0}",,,f,,{},pot_of_greed_bot,2,
18,2020-07-30 17:16:53.022634,"{""pot"": 6.0}","{""round"": 6}","{""snowdrift"": 0}",,,f,,{},pot_of_greed_bot,9,
26,2020-07-30 17:20:59.095696,"{""score_in_quiz"": 0, ""last_request"": ""2020-07-30 17:21:13.088155""}","{""prestige"": 0}","{""score_in_pgg"": 0, ""round_earnings"": []}","{""leftovers"": 0, ""donation"": 0, ""info_choice"": ""BB""}","{""prestige_list"": [], ""conform_list"": [], ""payoff_list"": []}",t,2020-07-30 17:21:50.14422,{},probe_node,2,6
28,2020-07-30 17:21:42.138105,"{""score_in_quiz"": 5, ""last_request"": ""2020-07-30 17:26:09.798178""}","{""prestige"": 0}","{""score_in_pgg"": 82.0, ""round_earnings"": []}","{""leftovers"": 5, ""donation"": 5, ""info_choice"": ""BB""}","{""prestige_list"": [10, 0, 0, 0, 0, 0], ""conform_list"": [7.333333333333333, 3.6666666666666665, 2.0, 3.3333333333333335, 3.6666666666666665, 5.0], ""payoff_list"": [5, 1, 0, 0, 0, 0]}",f,,{},probe_node,2,9
30,2020-07-30 17:23:49.034262,"{""score_in_quiz"": 0, ""last_request"": ""2020-07-30 17:26:42.602645""}","{""prestige"": 0}","{""score_in_pgg"": 0, ""round_earnings"": []}","{""leftovers"": 0, ""donation"": 0, ""info_choice"": ""BB""}","{""prestige_list"": [], ""conform_list"": [], ""payoff_list"": []}",t,2020-07-30 17:27:24.282828,{},probe_node,3,10
5,2020-07-30 17:16:52.945368,,,,,,t,2020-07-30 17:34:59.232042,{},quiz_source,3,
7,2020-07-30 17:16:52.95716,,,,,,t,2020-07-30 17:36:32.725843,{},quiz_source,4,
17,2020-07-30 17:16:53.016993,,,,,,t,2020-07-30 18:14:03.519014,{},quiz_source,9,
19,2020-07-30 17:16:53.030498,,,,,,t,2020-07-30 18:24:32.851423,{},quiz_source,10,
6,2020-07-30 17:16:52.950519,"{""pot"": 10.0}","{""round"": 6}","{""snowdrift"": 0}",,,f,,{},pot_of_greed_bot,3,
8,2020-07-30 17:16:52.962298,"{""pot"": 10.5}","{""round"": 6}","{""snowdrift"": 0}",,,f,,{},pot_of_greed_bot,4,
9,2020-07-30 17:16:52.969151,,,,,,t,2020-07-30 17:39:59.669498,{},quiz_source,5,
25,2020-07-30 17:20:20.514887,"{""score_in_quiz"": 3, ""last_request"": ""2020-07-30 17:26:04.854821""}","{""prestige"": 0}","{""score_in_pgg"": 62.0, ""round_earnings"": []}","{""leftovers"": 1, ""donation"": 9, ""info_choice"": ""BB""}","{""prestige_list"": [0, 0, 0, 1, 5, 0], ""conform_list"": [3.75, 5.0, 4.5, 4.0, 5.75, 4.0], ""payoff_list"": [0, 0, 0, 1, 5, 0]}",f,,{},probe_node,1,5
40,2020-07-30 17:35:53.41075,"{""score_in_quiz"": 7, ""last_request"": ""2020-07-30 17:44:27.885113""}","{""prestige"": 1}","{""score_in_pgg"": 102.5, ""round_earnings"": []}","{""leftovers"": 7, ""donation"": 3, ""info_choice"": ""BB""}","{""prestige_list"": [5, 0, 3, 4, 3, 3], ""conform_list"": [5.0, 4.75, 6.0, 5.5, 4.25, 4.75], ""payoff_list"": [0, 3, 4, 3, 0, 0]}",f,,{},probe_node,5,20
50,2020-07-30 17:46:47.702959,"{""score_in_quiz"": 0, ""last_request"": ""2020-07-30 17:49:24.608165""}","{""prestige"": 0}","{""score_in_pgg"": 0, ""round_earnings"": []}","{""leftovers"": 0, ""donation"": 0, ""info_choice"": ""BB""}","{""prestige_list"": [], ""conform_list"": [], ""payoff_list"": []}",t,2020-07-30 17:50:41.490221,{},probe_node,7,30
42,2020-07-30 17:36:25.377675,"{""score_in_quiz"": 4, ""last_request"": ""2020-07-30 17:44:28.633614""}","{""prestige"": 0}","{""score_in_pgg"": 110.5, ""round_earnings"": []}","{""leftovers"": 10, ""donation"": 0, ""info_choice"": ""BB""}","{""prestige_list"": [5, 0, 3, 4, 3, 3], ""conform_list"": [5.0, 4.75, 6.0, 5.5, 4.25, 4.75], ""payoff_list"": [0, 3, 4, 3, 0, 0]}",f,,{},probe_node,5,24
41,2020-07-30 17:35:59.332278,"{""score_in_quiz"": 3, ""last_request"": ""2020-07-30 17:44:28.831193""}","{""prestige"": 0}","{""score_in_pgg"": 87.5, ""round_earnings"": []}","{""leftovers"": 4, ""donation"": 6, ""info_choice"": ""BB""}","{""prestige_list"": [5, 0, 3, 4, 3, 3], ""conform_list"": [5.0, 4.75, 6.0, 5.5, 4.25, 4.75], ""payoff_list"": [0, 3, 4, 3, 0, 0]}",f,,{},probe_node,5,21
43,2020-07-30 17:36:39.109179,"{""score_in_quiz"": 6, ""last_request"": ""2020-07-30 17:44:27.832099""}","{""prestige"": 0}","{""score_in_pgg"": 60.5, ""round_earnings"": []}","{""leftovers"": 0, ""donation"": 10, ""info_choice"": ""BB""}","{""prestige_list"": [5, 0, 3, 4, 3, 3], ""conform_list"": [5.0, 4.75, 6.0, 5.5, 4.25, 4.75], ""payoff_list"": [0, 3, 4, 3, 0, 0]}",f,,{},probe_node,5,23
56,2020-07-30 17:55:13.084476,"{""score_in_quiz"": 6, ""last_request"": ""2020-07-30 18:01:32.959955""}","{""prestige"": 0}","{""score_in_pgg"": 145.0, ""round_earnings"": []}","{""leftovers"": 10, ""donation"": 0, ""info_choice"": ""BB""}","{""prestige_list"": [10, 10, 10, 10, 10, 10], ""conform_list"": [7.0, 7.5, 8.25, 7.5, 7.0, 7.25], ""payoff_list"": [0, 0, 4, 0, 0, 0]}",f,,{},probe_node,8,36
39,2020-07-30 17:34:05.363817,"{""score_in_quiz"": 0, ""last_request"": ""2020-07-30 17:34:44.055193""}","{""prestige"": 0}","{""score_in_pgg"": 0, ""round_earnings"": []}","{""leftovers"": 0, ""donation"": 0, ""info_choice"": ""BB""}","{""prestige_list"": [], ""conform_list"": [], ""payoff_list"": []}",t,2020-07-30 17:34:56.550307,{},probe_node,5,19
34,2020-07-30 17:31:30.819977,"{""score_in_quiz"": 0, ""last_request"": ""2020-07-30 17:31:31.263650""}","{""prestige"": 0}","{""score_in_pgg"": 0, ""round_earnings"": []}","{""leftovers"": 0, ""donation"": 0, ""info_choice"": ""BB""}","{""prestige_list"": [], ""conform_list"": [], ""payoff_list"": []}",t,2020-07-30 17:32:31.531494,{},probe_node,3,15
32,2020-07-30 17:30:26.268588,"{""score_in_quiz"": 0, ""last_request"": ""2020-07-30 17:31:29.869667""}","{""prestige"": 0}","{""score_in_pgg"": 0, ""round_earnings"": []}","{""leftovers"": 0, ""donation"": 0, ""info_choice"": ""BB""}","{""prestige_list"": [], ""conform_list"": [], ""payoff_list"": []}",t,2020-07-30 17:32:31.559338,{},probe_node,3,12
47,2020-07-30 17:42:28.361651,"{""score_in_quiz"": 5, ""last_request"": ""2020-07-30 17:52:00.867788""}","{""prestige"": 0}","{""score_in_pgg"": 82.5, ""round_earnings"": []}","{""leftovers"": 7, ""donation"": 3, ""info_choice"": ""BB""}","{""prestige_list"": [6, 9, 10, 7, 1, 2], ""conform_list"": [2.75, 4.5, 4.25, 2.25, 2.25, 1.75], ""payoff_list"": [0, 0, 0, 0, 0, 0]}",f,,{},probe_node,6,28
53,2020-07-30 17:54:24.454323,"{""score_in_quiz"": 4, ""last_request"": ""2020-07-30 18:00:42.082761""}","{""prestige"": 0}","{""score_in_pgg"": 102.5, ""round_earnings"": []}","{""leftovers"": 0, ""donation"": 10, ""info_choice"": ""BB""}","{""prestige_list"": [8, 9, 10, 9, 8, 9], ""conform_list"": [7.25, 6.0, 8.25, 7.25, 8.25, 8.75], ""payoff_list"": [2, 1, 3, 4, 7, 6]}",f,,{},probe_node,7,34
35,2020-07-30 17:31:52.863848,"{""score_in_quiz"": 0, ""last_request"": ""2020-07-30 17:39:58.793921""}","{""prestige"": 0}","{""score_in_pgg"": 123.0, ""round_earnings"": []}","{""leftovers"": 9, ""donation"": 1, ""info_choice"": ""BB""}","{""prestige_list"": [5, 10, 5, 10, 2, 0], ""conform_list"": [7.25, 7.25, 6.0, 7.75, 5.5, 5.25], ""payoff_list"": [5, 1, 1, 1, 1, 1]}",f,,{},probe_node,4,16
33,2020-07-30 17:31:06.358846,"{""score_in_quiz"": 6, ""last_request"": ""2020-07-30 17:36:59.842390""}","{""prestige"": 1}","{""score_in_pgg"": 95.0, ""round_earnings"": []}","{""leftovers"": 0, ""donation"": 10, ""info_choice"": ""BB""}","{""prestige_list"": [10, 10, 10, 10, 10, 10], ""conform_list"": [7.5, 10.0, 5.0, 10.0, 10.0, 5.0], ""payoff_list"": [5, 10, 0, 10, 10, 0]}",f,,{},probe_node,3,13
61,2020-07-30 18:07:09.261878,"{""score_in_quiz"": 0, ""last_request"": ""2020-07-30 18:07:16.985267""}","{""prestige"": 0}","{""score_in_pgg"": 0, ""round_earnings"": []}","{""leftovers"": 0, ""donation"": 0, ""info_choice"": ""BB""}","{""prestige_list"": [], ""conform_list"": [], ""payoff_list"": []}",t,2020-07-30 18:07:23.185294,{},probe_node,9,41
44,2020-07-30 17:36:57.459342,"{""score_in_quiz"": 0, ""last_request"": ""2020-07-30 17:40:02.963034""}","{""prestige"": 0}","{""score_in_pgg"": 0, ""round_earnings"": []}","{""leftovers"": 0, ""donation"": 0, ""info_choice"": ""BB""}","{""prestige_list"": [], ""conform_list"": [], ""payoff_list"": []}",t,2020-07-30 17:40:18.352622,{},probe_node,6,22
64,2020-07-30 18:11:16.367065,"{""score_in_quiz"": 5, ""last_request"": ""2020-07-30 18:18:04.640123""}","{""prestige"": 0}","{""score_in_pgg"": 80.66666666666667, ""round_earnings"": []}","{""leftovers"": 10, ""donation"": 0, ""info_choice"": ""BB""}","{""prestige_list"": [10, 5, 5, 5, 0], ""conform_list"": [5.5, 4.25, 6.0, 3.25, 3.3333333333333335, 3.0], ""payoff_list"": [0, 0, 5, 0, 0, 0]}",f,,{},probe_node,9,44
31,2020-07-30 17:28:17.836674,"{""score_in_quiz"": 4, ""last_request"": ""2020-07-30 17:36:59.711558""}","{""prestige"": 0}","{""score_in_pgg"": 120.0, ""round_earnings"": []}","{""leftovers"": 10, ""donation"": 0, ""info_choice"": ""BB""}","{""prestige_list"": [10, 10, 10, 10, 10, 10], ""conform_list"": [7.5, 10.0, 5.0, 10.0, 10.0, 5.0], ""payoff_list"": [5, 10, 0, 10, 10, 0]}",f,,{},probe_node,3,11
36,2020-07-30 17:32:10.356632,"{""score_in_quiz"": 4, ""last_request"": ""2020-07-30 17:39:58.661807""}","{""prestige"": 0}","{""score_in_pgg"": 85.0, ""round_earnings"": []}","{""leftovers"": 0, ""donation"": 10, ""info_choice"": ""BB""}","{""prestige_list"": [5, 10, 5, 10, 2, 0], ""conform_list"": [7.25, 7.25, 6.0, 7.75, 5.5, 5.25], ""payoff_list"": [5, 1, 1, 1, 1, 1]}",f,,{},probe_node,4,17
54,2020-07-30 17:54:29.737915,"{""score_in_quiz"": 6, ""last_request"": ""2020-07-30 18:00:42.177529""}","{""prestige"": 1}","{""score_in_pgg"": 98.5, ""round_earnings"": []}","{""leftovers"": 1, ""donation"": 9, ""info_choice"": ""BB""}","{""prestige_list"": [8, 9, 10, 9, 8, 9], ""conform_list"": [7.25, 6.0, 8.25, 7.25, 8.25, 8.75], ""payoff_list"": [2, 1, 3, 4, 7, 6]}",f,,{},probe_node,7,25
38,2020-07-30 17:33:57.209612,"{""score_in_quiz"": 6, ""last_request"": ""2020-07-30 17:39:59.371993""}","{""prestige"": 1}","{""score_in_pgg"": 106.0, ""round_earnings"": []}","{""leftovers"": 10, ""donation"": 0, ""info_choice"": ""BB""}","{""prestige_list"": [5, 10, 5, 10, 2, 0], ""conform_list"": [7.25, 7.25, 6.0, 7.75, 5.5, 5.25], ""payoff_list"": [5, 1, 1, 1, 1, 1]}",f,,{},probe_node,4,14
37,2020-07-30 17:33:39.582269,"{""score_in_quiz"": 3, ""last_request"": ""2020-07-30 17:39:59.412686""}","{""prestige"": 0}","{""score_in_pgg"": 82.0, ""round_earnings"": []}","{""leftovers"": 0, ""donation"": 10, ""info_choice"": ""BB""}","{""prestige_list"": [5, 10, 5, 10, 2, 0], ""conform_list"": [7.25, 7.25, 6.0, 7.75, 5.5, 5.25], ""payoff_list"": [5, 1, 1, 1, 1, 1]}",f,,{},probe_node,4,18
66,2020-07-30 18:19:12.678955,"{""score_in_quiz"": 3, ""last_request"": ""2020-07-30 18:28:07.126617""}","{""prestige"": 0}","{""score_in_pgg"": 93.0, ""round_earnings"": []}","{""leftovers"": 9, ""donation"": 1, ""info_choice"": ""BB""}","{""prestige_list"": [8, 7, 6, 4, 10, 9], ""conform_list"": [7.5, 7.0, 6.75, 4.75, 8.5, 6.5], ""payoff_list"": [4, 5, 8, 3, 6, 9]}",f,,{},probe_node,10,46
58,2020-07-30 17:56:24.760197,"{""score_in_quiz"": 5, ""last_request"": ""2020-07-30 18:01:32.775153""}","{""prestige"": 0}","{""score_in_pgg"": 95.0, ""round_earnings"": []}","{""leftovers"": 1, ""donation"": 9, ""info_choice"": ""BB""}","{""prestige_list"": [10, 10, 10, 10, 10, 10], ""conform_list"": [7.0, 7.5, 8.25, 7.5, 7.0, 7.25], ""payoff_list"": [0, 0, 4, 0, 0, 0]}",f,,{},probe_node,8,38
57,2020-07-30 17:55:35.408795,"{""score_in_quiz"": 5, ""last_request"": ""2020-07-30 18:01:32.966109""}","{""prestige"": 0}","{""score_in_pgg"": 89.0, ""round_earnings"": []}","{""leftovers"": 0, ""donation"": 10, ""info_choice"": ""BB""}","{""prestige_list"": [10, 10, 10, 10, 10, 10], ""conform_list"": [7.0, 7.5, 8.25, 7.5, 7.0, 7.25], ""payoff_list"": [0, 0, 4, 0, 0, 0]}",f,,{},probe_node,8,37
48,2020-07-30 17:44:09.495492,"{""score_in_quiz"": 6, ""last_request"": ""2020-07-30 17:52:00.546771""}","{""prestige"": 1}","{""score_in_pgg"": 60.5, ""round_earnings"": []}","{""leftovers"": 8, ""donation"": 2, ""info_choice"": ""BB""}","{""prestige_list"": [6, 9, 10, 7, 1, 2], ""conform_list"": [2.75, 4.5, 4.25, 2.25, 2.25, 1.75], ""payoff_list"": [0, 0, 0, 0, 0, 0]}",f,,{},probe_node,6,29
67,2020-07-30 18:20:11.242775,"{""score_in_quiz"": 3, ""last_request"": ""2020-07-30 18:28:07.149348""}","{""prestige"": 0}","{""score_in_pgg"": 107.0, ""round_earnings"": []}","{""leftovers"": 1, ""donation"": 9, ""info_choice"": ""BB""}","{""prestige_list"": [8, 7, 6, 4, 10, 9], ""conform_list"": [7.5, 7.0, 6.75, 4.75, 8.5, 6.5], ""payoff_list"": [4, 5, 8, 3, 6, 9]}",f,,{},probe_node,10,48
51,2020-07-30 17:51:24.784581,"{""score_in_quiz"": 2, ""last_request"": ""2020-07-30 18:00:41.850431""}","{""prestige"": 0}","{""score_in_pgg"": 93.5, ""round_earnings"": []}","{""leftovers"": 0, ""donation"": 10, ""info_choice"": ""BB""}","{""prestige_list"": [8, 9, 10, 9, 8, 9], ""conform_list"": [7.25, 6.0, 8.25, 7.25, 8.25, 8.75], ""payoff_list"": [2, 1, 3, 4, 7, 6]}",f,,{},probe_node,7,32
52,2020-07-30 17:52:23.098637,"{""score_in_quiz"": 4, ""last_request"": ""2020-07-30 18:00:42.162649""}","{""prestige"": 0}","{""score_in_pgg"": 128.5, ""round_earnings"": []}","{""leftovers"": 4, ""donation"": 6, ""info_choice"": ""BB""}","{""prestige_list"": [8, 9, 10, 9, 8, 9], ""conform_list"": [7.25, 6.0, 8.25, 7.25, 8.25, 8.75], ""payoff_list"": [2, 1, 3, 4, 7, 6]}",f,,{},probe_node,7,33
45,2020-07-30 17:39:03.758853,"{""score_in_quiz"": 3, ""last_request"": ""2020-07-30 17:52:01.130540""}","{""prestige"": 0}","{""score_in_pgg"": 95.5, ""round_earnings"": []}","{""leftovers"": 10, ""donation"": 0, ""info_choice"": ""BB""}","{""prestige_list"": [6, 9, 10, 7, 1, 2], ""conform_list"": [2.75, 4.5, 4.25, 2.25, 2.25, 1.75], ""payoff_list"": [0, 0, 0, 0, 0, 0]}",t,2020-07-30 17:55:32.63656,{},probe_node,6,26
60,2020-07-30 18:05:45.45194,"{""score_in_quiz"": 4, ""last_request"": ""2020-07-30 18:18:04.178344""}","{""prestige"": 0}","{""score_in_pgg"": 105.66666666666667, ""round_earnings"": []}","{""leftovers"": 10, ""donation"": 0, ""info_choice"": ""BB""}","{""prestige_list"": [10, 5, 5, 5, 0], ""conform_list"": [5.5, 4.25, 6.0, 3.25, 3.3333333333333335, 3.0], ""payoff_list"": [0, 0, 5, 0, 0, 0]}",f,,{},probe_node,9,40
62,2020-07-30 18:10:10.082302,"{""score_in_quiz"": 4, ""last_request"": ""2020-07-30 18:18:04.273523""}","{""prestige"": 0}","{""score_in_pgg"": 75.66666666666667, ""round_earnings"": []}","{""leftovers"": 1, ""donation"": 9, ""info_choice"": ""BB""}","{""prestige_list"": [10, 5, 5, 5, 0], ""conform_list"": [5.5, 4.25, 6.0, 3.25, 3.3333333333333335, 3.0], ""payoff_list"": [0, 0, 5, 0, 0, 0]}",f,,{},probe_node,9,42
63,2020-07-30 18:10:24.719351,"{""score_in_quiz"": 6, ""last_request"": ""2020-07-30 18:17:47.536813""}","{""prestige"": 1}","{""score_in_pgg"": 63.0, ""round_earnings"": []}","{""leftovers"": 10, ""donation"": 0, ""info_choice"": ""BB""}","{""prestige_list"": [10, 5, 5, 5, 0], ""conform_list"": [5.5, 4.25, 6.0, 3.25], ""payoff_list"": [0, 0, 5, 0]}",t,2020-07-30 18:17:46.294077,{},probe_node,9,43
65,2020-07-30 18:13:09.490403,"{""score_in_quiz"": 0, ""last_request"": ""2020-07-30 18:16:48.032147""}","{""prestige"": 0}","{""score_in_pgg"": 0, ""round_earnings"": []}","{""leftovers"": 0, ""donation"": 0, ""info_choice"": ""BB""}","{""prestige_list"": [], ""conform_list"": [], ""payoff_list"": []}",t,2020-07-30 18:16:51.833757,{},probe_node,10,45
68,2020-07-30 18:20:28.964751,"{""score_in_quiz"": 4, ""last_request"": ""2020-07-30 18:28:07.497811""}","{""prestige"": 1}","{""score_in_pgg"": 98.0, ""round_earnings"": []}","{""leftovers"": 1, ""donation"": 9, ""info_choice"": ""BB""}","{""prestige_list"": [8, 7, 6, 4, 10, 9], ""conform_list"": [7.5, 7.0, 6.75, 4.75, 8.5, 6.5], ""payoff_list"": [4, 5, 8, 3, 6, 9]}",f,,{},probe_node,10,47
69,2020-07-30 18:21:58.689107,"{""score_in_quiz"": 2, ""last_request"": ""2020-07-30 18:28:07.317560""}","{""prestige"": 0}","{""score_in_pgg"": 106.0, ""round_earnings"": []}","{""leftovers"": 3, ""donation"": 7, ""info_choice"": ""BB""}","{""prestige_list"": [8, 7, 6, 4, 10, 9], ""conform_list"": [7.5, 7.0, 6.75, 4.75, 8.5, 6.5], ""payoff_list"": [4, 5, 8, 3, 6, 9]}",t,2020-07-30 18:32:44.900514,{},probe_node,10,49
