id,creation_time,property1,property2,property3,property4,property5,failed,time_of_death,details,assignment_id,event_type
1,2020-07-30 17:17:30.670451,,,,,,f,,{},3QY7M81QH8V7A1SZE1F9EOEFUE7K7Y,AssignmentAccepted
2,2020-07-30 17:17:30.699851,,,,,,f,,{},3YGXWBAF71QS8GYSKQ04NTHXY38C4T,AssignmentAccepted
3,2020-07-30 17:17:31.429886,,,,,,f,,{},34PGFRQONPKRPWNI4ON95PDJ8GGWJD,AssignmentAccepted
4,2020-07-30 17:17:31.476387,,,,,,f,,{},3WT783CTPCQCTFJ1Z5ARV7N38VPCBZ,AssignmentAccepted
5,2020-07-30 17:17:31.498971,,,,,,f,,{},3BXQMRHWK074Y04YCLL03TK3RU0MU8,AssignmentAccepted
6,2020-07-30 17:17:31.52301,,,,,,f,,{},33FBRBDW6P8TRHLUWTQH45X20P4C80,AssignmentAccepted
7,2020-07-30 17:17:31.658532,,,,,,f,,{},3R0T90IZ1TL8KWRCFR25WIE0O8HCGG,AssignmentAccepted
8,2020-07-30 17:17:31.682959,,,,,,f,,{},34S6N1K2ZWSFNWGTCADMK1GOXH8HL0,AssignmentAccepted
9,2020-07-30 17:17:31.856582,,,,,,f,,{},34T446B1C1NB9SGR1PD2BQRKHRSC0D,AssignmentAccepted
10,2020-07-30 17:17:32.555002,,,,,,f,,{},3SLE99ER0OMP18UBRJUZ65OOHDBBZX,AssignmentAccepted
11,2020-07-30 17:17:32.584667,,,,,,f,,{},3N4BPTXIO9198C4VR98KOGSZ2P5UKB,AssignmentAccepted
12,2020-07-30 17:17:32.607503,,,,,,f,,{},39O5D9O87U17QKFOKCVLDOPRK3CC38,AssignmentAccepted
13,2020-07-30 17:17:32.630077,,,,,,f,,{},3J88R45B2H7207V696OF44D2QHSPXZ,AssignmentAccepted
14,2020-07-30 17:17:32.652404,,,,,,f,,{},3NL0RFNU0GWAREAGC3H2BCU53CHK4E,AssignmentAccepted
15,2020-07-30 17:17:32.677386,,,,,,f,,{},33ISQZVXPQVV3KB7D56M6RTLQGPCC6,AssignmentAccepted
16,2020-07-30 17:17:32.702113,,,,,,f,,{},31QTRG6Q2UMR0CLGE2AHNIKBSNMPY5,AssignmentAccepted
17,2020-07-30 17:17:33.558535,,,,,,f,,{},3L4D84MIL019S6ST9P194M3WTS3HJY,AssignmentAccepted
18,2020-07-30 17:17:33.59612,,,,,,f,,{},340UGXU9DZANONY7QDMRQP3GINCUVX,AssignmentAccepted
19,2020-07-30 17:17:33.628802,,,,,,f,,{},3TK8OJTYM2UAWIQB9RNXGJGHA6KPVW,AssignmentAccepted
20,2020-07-30 17:17:33.663899,,,,,,f,,{},3IUZPWIU1PGM0GT0M9NL64DWN5GWKC,AssignmentAccepted
21,2020-07-30 17:17:33.700651,,,,,,f,,{},3SKEMFQBZ4EBAFXIO67FSOAA5YDK8L,AssignmentAccepted
22,2020-07-30 17:17:35.516631,,,,,,f,,{},3QUO65DNQVXSY3PAP10DVX98MUFUOV,AssignmentAccepted
23,2020-07-30 17:17:35.542017,,,,,,f,,{},3CPLWGV3MP8CWQ1VQB59KCMPJZ0N9I,AssignmentAccepted
24,2020-07-30 17:17:35.564942,,,,,,f,,{},32AT8R96GMI7WVH3WIHMF2J9JJIUSS,AssignmentAccepted
25,2020-07-30 17:17:35.587962,,,,,,f,,{},3JZQSN0I3RJFN8BM6TS64OZ3LL9FGU,AssignmentAccepted
26,2020-07-30 17:17:35.631932,,,,,,f,,{},3URFVVM166R4X73HRABUBVGC6YIUZX,AssignmentAccepted
27,2020-07-30 17:17:35.656185,,,,,,f,,{},34BBWHLWHBKVUL3CM629TOYJV1RWI1,AssignmentAccepted
28,2020-07-30 17:17:35.679196,,,,,,f,,{},35K3O9HUACMH3UFV0Y2I4LER85UFED,AssignmentAccepted
29,2020-07-30 17:17:35.703184,,,,,,f,,{},3SNVL38CI51DMINV5INKUA6TVPYCKJ,AssignmentAccepted
30,2020-07-30 17:17:35.729203,,,,,,f,,{},32RIADZISTD8FXNOHCQ42YLFK6US43,AssignmentAccepted
31,2020-07-30 17:17:35.753102,,,,,,f,,{},36NEMU28XGMHQ4T37L01LH50CABMW7,AssignmentAccepted
32,2020-07-30 17:17:35.777344,,,,,,f,,{},3LOTDFNYA88BKU1MLYWOQRLRF9ZWFA,AssignmentAccepted
33,2020-07-30 17:17:35.800779,,,,,,f,,{},3UJ1CZ6IZIYQBGROVH9E7QRTK2PS58,AssignmentAccepted
34,2020-07-30 17:17:36.66163,,,,,,f,,{},3Z9WI9EOZ0X43QYBRA1L51398H3HKX,AssignmentAccepted
35,2020-07-30 17:17:41.581648,,,,,,f,,{},3X65QVEQI1WO6O5DQIZL9AJ8KP3CLM,AssignmentAccepted
36,2020-07-30 17:17:41.605739,,,,,,f,,{},3BXQMRHWK074Y04YCLL03TK3RU0UMG,AssignmentAccepted
37,2020-07-30 17:17:41.645393,,,,,,f,,{},3HL8HNGX46A08YOESNMWC7DGH8EF93,AssignmentAccepted
38,2020-07-30 17:17:41.668812,,,,,,f,,{},39LNWE0K4V5I2HE7R6N8B0DMALGUI0,AssignmentAccepted
39,2020-07-30 17:17:41.691883,,,,,,f,,{},3MHW492WW1M4BFTYHBV5ZFMM519MVX,AssignmentAccepted
40,2020-07-30 17:17:41.714716,,,,,,f,,{},3M23Y66PO3GMUKR200JJZW5TGX0S6O,AssignmentAccepted
41,2020-07-30 17:17:41.800395,,,,,,f,,{},3I02618YA1FAJ31B41DSKXEYWZBPU7,AssignmentAccepted
42,2020-07-30 17:17:44.614396,,,,,,f,,{},3VHP9MDGROT26WVH47WNEXEONTHFCK,AssignmentAccepted
43,2020-07-30 17:17:44.66873,,,,,,f,,{},3X73LLYYQ2N5BWJEONT1XTKD2C8HN2,AssignmentAccepted
44,2020-07-30 17:17:44.694124,,,,,,f,,{},3DL65MZB8EOA0IVL9WCHWFTOBS2CEZ,AssignmentAccepted
45,2020-07-30 17:17:44.720317,,,,,,f,,{},3L2IS5HSFBRAGIPYOM00G893WKAUNG,AssignmentAccepted
46,2020-07-30 17:17:44.744139,,,,,,f,,{},3IRIK4HM3BT6N3263ETJKR1BUUEC6E,AssignmentAccepted
47,2020-07-30 17:17:44.76681,,,,,,f,,{},33SA9F9TRY3JEG1QQNCI890R38KWES,AssignmentAccepted
48,2020-07-30 17:17:44.791492,,,,,,f,,{},33FOTY3KENUBGH19X8H2PVAUMJYC1G,AssignmentAccepted
49,2020-07-30 17:17:44.814283,,,,,,f,,{},3LKC68YZ3BC5Q7EFK1FEDLU57AQWOW,AssignmentAccepted
50,2020-07-30 17:17:44.837288,,,,,,f,,{},3JPSL1DZ5T8Q19B0IHJ9G7X9PHINAX,AssignmentAccepted
51,2020-07-30 17:17:48.501232,,,,,,f,,{},3X73LLYYQ2N5BWJEONT1XTKD2C8HN2,AssignmentReturned
52,2020-07-30 17:17:57.820339,,,,,,f,,{},3X73LLYYQ2N5BWJEONT1XTKD2C8HN2,AssignmentAccepted
53,2020-07-30 17:19:56.914882,,,,,,f,,{},36NEMU28XGMHQ4T37L01LH50CABMW7,AssignmentAccepted
54,2020-07-30 17:19:56.965604,,,,,,f,,{},36NEMU28XGMHQ4T37L01LH50CABMW7,AssignmentReturned
55,2020-07-30 17:20:18.048826,,,,,,f,,{},33FOTY3KENUBGH19X8H2PVAUMJYC1G,AssignmentAccepted
56,2020-07-30 17:20:18.072431,,,,,,f,,{},33FOTY3KENUBGH19X8H2PVAUMJYC1G,AssignmentReturned
57,2020-07-30 17:21:32.145076,,,,,,f,,{},3SLE99ER0OMP18UBRJUZ65OOHDBBZX,AssignmentReturned
58,2020-07-30 17:21:50.126873,,,,,,f,,{},33FBRBDW6P8TRHLUWTQH45X20P4C80,AssignmentReturned
59,2020-07-30 17:21:50.212578,,,,,,f,,{},33FBRBDW6P8TRHLUWTQH45X20P4C80,AssignmentAccepted
60,2020-07-30 17:21:52.450757,,,,,,f,,{},3SLE99ER0OMP18UBRJUZ65OOHDBBZX,AssignmentAccepted
61,2020-07-30 17:23:47.199076,,,,,,f,,{},3BXQMRHWK074Y04YCLL03TK3RU0UMG,AssignmentReturned
62,2020-07-30 17:23:58.15277,,,,,,f,,{},3BXQMRHWK074Y04YCLL03TK3RU0UMG,AssignmentAccepted
63,2020-07-30 17:24:23.781594,,,,,,f,,{},34BBWHLWHBKVUL3CM629TOYJV1RWI1,AssignmentReturned
64,2020-07-30 17:24:23.901041,,,,,,f,,{},34BBWHLWHBKVUL3CM629TOYJV1RWI1,AssignmentAccepted
65,2020-07-30 17:27:24.265595,,,,,,f,,{},3UJ1CZ6IZIYQBGROVH9E7QRTK2PS58,AssignmentReturned
66,2020-07-30 17:27:24.329932,,,,,,f,,{},3UJ1CZ6IZIYQBGROVH9E7QRTK2PS58,AssignmentAccepted
67,2020-07-30 17:27:24.708353,,,,,,f,,{},31QTRG6Q2UMR0CLGE2AHNIKBSNMPY5,AssignmentSubmitted
68,2020-07-30 17:27:55.0039,,,,,,f,,{},3DL65MZB8EOA0IVL9WCHWFTOBS2CEZ,AssignmentSubmitted
69,2020-07-30 17:27:55.109685,,,,,,f,,{},3X73LLYYQ2N5BWJEONT1XTKD2C8HN2,AssignmentSubmitted
70,2020-07-30 17:28:31.901263,,,,,,f,,{},3TK8OJTYM2UAWIQB9RNXGJGHA6KPVW,AssignmentSubmitted
71,2020-07-30 17:28:43.102313,,,,,,f,,{},33FOTY3KENUBGH19X8H2PVAUMJYC1G,AssignmentSubmitted
72,2020-07-30 17:28:43.190933,,,,,,f,,{},3HL8HNGX46A08YOESNMWC7DGH8EF93,AssignmentSubmitted
73,2020-07-30 17:28:57.63255,,,,,,f,,{},3SNVL38CI51DMINV5INKUA6TVPYCKJ,AssignmentSubmitted
74,2020-07-30 17:29:15.081768,,,,,,f,,{},3I02618YA1FAJ31B41DSKXEYWZBPU7,AssignmentReturned
75,2020-07-30 17:29:38.368002,,,,,,f,,{},3I02618YA1FAJ31B41DSKXEYWZBPU7,AssignmentAccepted
76,2020-07-30 17:30:23.922914,,,,,,f,,{},340UGXU9DZANONY7QDMRQP3GINCUVX,AssignmentReturned
77,2020-07-30 17:30:28.052662,,,,,,f,,{},340UGXU9DZANONY7QDMRQP3GINCUVX,AssignmentAccepted
78,2020-07-30 17:30:49.705733,,,,,,f,,{},34T446B1C1NB9SGR1PD2BQRKHRSC0D,AssignmentReturned
79,2020-07-30 17:30:55.469726,,,,,,f,,{},34T446B1C1NB9SGR1PD2BQRKHRSC0D,AssignmentAccepted
80,2020-07-30 17:34:36.654295,,,,,,f,,{},3Z9WI9EOZ0X43QYBRA1L51398H3HKX,AssignmentReturned
81,2020-07-30 17:34:52.974791,,,,,,f,,{},3Z9WI9EOZ0X43QYBRA1L51398H3HKX,AssignmentAccepted
82,2020-07-30 17:34:56.530956,,,,,,f,,{},3N4BPTXIO9198C4VR98KOGSZ2P5UKB,AssignmentReturned
83,2020-07-30 17:35:16.602307,,,,,,f,,{},3N4BPTXIO9198C4VR98KOGSZ2P5UKB,AssignmentAccepted
84,2020-07-30 17:35:33.707488,,,,,,f,,{},3UJ1CZ6IZIYQBGROVH9E7QRTK2PS58,AssignmentReturned
85,2020-07-30 17:35:33.754138,,,,,,f,,{},3UJ1CZ6IZIYQBGROVH9E7QRTK2PS58,AssignmentAccepted
86,2020-07-30 17:37:05.309665,,,,,,f,,{},32AT8R96GMI7WVH3WIHMF2J9JJIUSS,AssignmentReturned
87,2020-07-30 17:37:19.265117,,,,,,f,,{},3M68NM076IGAT5RPLBJE9M0XUVN6RK,AssignmentAccepted
88,2020-07-30 17:38:57.285101,,,,,,f,,{},3QUO65DNQVXSY3PAP10DVX98MUFUOV,AssignmentSubmitted
89,2020-07-30 17:39:28.071784,,,,,,f,,{},3JPSL1DZ5T8Q19B0IHJ9G7X9PHINAX,AssignmentSubmitted
90,2020-07-30 17:40:18.335988,,,,,,f,,{},3N4BPTXIO9198C4VR98KOGSZ2P5UKB,AssignmentReturned
91,2020-07-30 17:40:27.186374,,,,,,f,,{},3N4BPTXIO9198C4VR98KOGSZ2P5UKB,AssignmentAccepted
92,2020-07-30 17:41:34.062238,,,,,,f,,{},33SA9F9TRY3JEG1QQNCI890R38KWES,AssignmentReturned
93,2020-07-30 17:42:14.009503,,,,,,f,,{},3QJOXOW4XK0N947CML6VZBY056EMEZ,AssignmentAccepted
94,2020-07-30 17:42:22.753274,,,,,,f,,{},3M23Y66PO3GMUKR200JJZW5TGX0S6O,AssignmentReturned
95,2020-07-30 17:42:27.837536,,,,,,f,,{},3M23Y66PO3GMUKR200JJZW5TGX0S6O,AssignmentAccepted
96,2020-07-30 17:42:47.880039,,,,,,f,,{},3I02618YA1FAJ31B41DSKXEYWZBPU7,AssignmentSubmitted
97,2020-07-30 17:42:54.781308,,,,,,f,,{},32RIADZISTD8FXNOHCQ42YLFK6US43,AssignmentSubmitted
98,2020-07-30 17:43:40.190636,,,,,,f,,{},3WT783CTPCQCTFJ1Z5ARV7N38VPCBZ,AssignmentSubmitted
99,2020-07-30 17:43:51.945394,,,,,,f,,{},39LNWE0K4V5I2HE7R6N8B0DMALGUI0,AssignmentSubmitted
100,2020-07-30 17:45:08.747304,,,,,,f,,{},35K3O9HUACMH3UFV0Y2I4LER85UFED,AssignmentReturned
101,2020-07-30 17:45:23.406408,,,,,,f,,{},35K3O9HUACMH3UFV0Y2I4LER85UFED,AssignmentAccepted
102,2020-07-30 17:45:57.179963,,,,,,f,,{},3LKC68YZ3BC5Q7EFK1FEDLU57AQWOW,AssignmentSubmitted
103,2020-07-30 17:46:44.916973,,,,,,f,,{},3MHW492WW1M4BFTYHBV5ZFMM519MVX,AssignmentSubmitted
104,2020-07-30 17:48:33.404641,,,,,,f,,{},34BBWHLWHBKVUL3CM629TOYJV1RWI1,AssignmentSubmitted
105,2020-07-30 17:48:50.210934,,,,,,f,,{},3QY7M81QH8V7A1SZE1F9EOEFUE7K7Y,AssignmentReturned
106,2020-07-30 17:48:55.177835,,,,,,f,,{},340UGXU9DZANONY7QDMRQP3GINCUVX,AssignmentSubmitted
107,2020-07-30 17:49:15.461656,,,,,,f,,{},3QY7M81QH8V7A1SZE1F9EOEFUE7K7Y,AssignmentAccepted
108,2020-07-30 17:50:00.638313,,,,,,f,,"{""feedback"": ""I don't know how this error occurred actually :("", ""error_text"": ""There has been an error and so you are unable to continue, sorry!"", ""error_type"": ""default"", ""request_data"": {""data"": ""{}"", ""route"": ""/node/30"", ""hit_id"": ""3NQUW096N6HKM60GOVKTI1NDCQ7L9E"", ""method"": ""post"", ""worker_id"": ""A12FTSX85NQ8N9"", ""participant_id"": null}}",3J88R45B2H7207V696OF44D2QHSPXZ,ExperimentError
109,2020-07-30 17:50:41.474989,,,,,,f,,{},3J88R45B2H7207V696OF44D2QHSPXZ,AssignmentReturned
110,2020-07-30 17:51:03.292638,,,,,,f,,{},3P4RDNWND6F9O13DF7JU4Y4BT6UJI7,AssignmentAccepted
111,2020-07-30 17:52:23.571766,,,,,,f,,{},34S6N1K2ZWSFNWGTCADMK1GOXH8HL0,AssignmentReturned
112,2020-07-30 17:52:23.862499,,,,,,f,,{},34S6N1K2ZWSFNWGTCADMK1GOXH8HL0,AssignmentAccepted
113,2020-07-30 17:53:05.574385,,,,,,f,,{},34S6N1K2ZWSFNWGTCADMK1GOXH8HL0,AssignmentReturned
114,2020-07-30 17:53:19.997375,,,,,,f,,{},34S6N1K2ZWSFNWGTCADMK1GOXH8HL0,AssignmentAccepted
115,2020-07-30 17:53:45.863446,,,,,,f,,{},3IRIK4HM3BT6N3263ETJKR1BUUEC6E,AssignmentSubmitted
116,2020-07-30 17:53:46.926252,,,,,,f,,{},33FBRBDW6P8TRHLUWTQH45X20P4C80,AssignmentSubmitted
117,2020-07-30 17:54:22.263012,,,,,,f,,{},3BXQMRHWK074Y04YCLL03TK3RU0MU8,AssignmentSubmitted
118,2020-07-30 17:55:32.619628,,,,,,f,,{},3Z9WI9EOZ0X43QYBRA1L51398H3HKX,AssignmentReturned
119,2020-07-30 17:56:26.8462,,,,,,f,,{},30BUDKLTXE4P1XM6UMP9I9NEJCV5E1,AssignmentAccepted
120,2020-07-30 17:57:36.764234,,,,,,f,,{},3JZQSN0I3RJFN8BM6TS64OZ3LL9FGU,AssignmentAccepted
121,2020-07-30 17:57:36.804369,,,,,,f,,{},3JZQSN0I3RJFN8BM6TS64OZ3LL9FGU,AssignmentReturned
122,2020-07-30 17:58:27.150744,,,,,,f,,{},34S6N1K2ZWSFNWGTCADMK1GOXH8HL0,AssignmentReturned
123,2020-07-30 17:59:09.777692,,,,,,f,,{},3F6KKYWMNCAOZGEC2RAB685FALVDN7,AssignmentAccepted
124,2020-07-30 18:01:03.400673,,,,,,f,,{},3SLE99ER0OMP18UBRJUZ65OOHDBBZX,AssignmentReturned
125,2020-07-30 18:01:03.473502,,,,,,f,,{},3SLE99ER0OMP18UBRJUZ65OOHDBBZX,AssignmentAccepted
126,2020-07-30 18:02:25.595406,,,,,,f,,{},3P4RDNWND6F9O13DF7JU4Y4BT6UJI7,AssignmentSubmitted
127,2020-07-30 18:02:46.215257,,,,,,f,,{},3SKEMFQBZ4EBAFXIO67FSOAA5YDK8L,AssignmentSubmitted
128,2020-07-30 18:02:46.301599,,,,,,f,,{},35K3O9HUACMH3UFV0Y2I4LER85UFED,AssignmentSubmitted
129,2020-07-30 18:03:07.172376,,,,,,f,,{},3IUZPWIU1PGM0GT0M9NL64DWN5GWKC,AssignmentSubmitted
130,2020-07-30 18:03:11.322464,,,,,,f,,{},3QJOXOW4XK0N947CML6VZBY056EMEZ,AssignmentSubmitted
131,2020-07-30 18:03:29.605743,,,,,,f,,{},3URFVVM166R4X73HRABUBVGC6YIUZX,AssignmentSubmitted
132,2020-07-30 18:05:11.107379,,,,,,f,,{},3L4D84MIL019S6ST9P194M3WTS3HJY,AssignmentSubmitted
133,2020-07-30 18:07:23.17042,,,,,,f,,{},3VHP9MDGROT26WVH47WNEXEONTHFCK,AssignmentReturned
134,2020-07-30 18:07:49.998703,,,,,,f,,{},3VHP9MDGROT26WVH47WNEXEONTHFCK,AssignmentAccepted
135,2020-07-30 18:08:01.262337,,,,,,f,,{},3UJ1CZ6IZIYQBGROVH9E7QRTK2PS58,AssignmentSubmitted
136,2020-07-30 18:10:06.03234,,,,,,f,,{},3M68NM076IGAT5RPLBJE9M0XUVN6RK,AssignmentReturned
137,2020-07-30 18:10:22.73902,,,,,,f,,{},3M68NM076IGAT5RPLBJE9M0XUVN6RK,AssignmentAccepted
138,2020-07-30 18:15:06.87664,,,,,,f,,{},3R0T90IZ1TL8KWRCFR25WIE0O8HCGG,AssignmentReturned
139,2020-07-30 18:15:51.296585,,,,,,f,,{},35GCEFQ6I6XKYDQYCQFTOMQCTMJZ3H,AssignmentAccepted
140,2020-07-30 18:16:51.818614,,,,,,f,,{},3F6KKYWMNCAOZGEC2RAB685FALVDN7,AssignmentReturned
141,2020-07-30 18:17:06.121829,,,,,,f,,{},3F6KKYWMNCAOZGEC2RAB685FALVDN7,AssignmentAccepted
142,2020-07-30 18:17:32.929696,,,,,,f,,{},3L2IS5HSFBRAGIPYOM00G893WKAUNG,AssignmentAbandoned
143,2020-07-30 18:17:38.837735,,,,,,f,,{},3X65QVEQI1WO6O5DQIZL9AJ8KP3CLM,AssignmentAccepted
144,2020-07-30 18:17:38.865419,,,,,,f,,{},3X65QVEQI1WO6O5DQIZL9AJ8KP3CLM,AssignmentAbandoned
145,2020-07-30 18:17:43.165514,,,,,,f,,{},3LOTDFNYA88BKU1MLYWOQRLRF9ZWFA,AssignmentAbandoned
146,2020-07-30 18:17:43.189581,,,,,,f,,{},3CPLWGV3MP8CWQ1VQB59KCMPJZ0N9I,AssignmentAbandoned
147,2020-07-30 18:17:44.557439,,,,,,f,,{},3LOTDFNYA88BKU1MLYWOQRLRF9ZWFA,AssignmentAccepted
148,2020-07-30 18:17:46.277395,,,,,,f,,{},3YGXWBAF71QS8GYSKQ04NTHXY38C4T,AssignmentAbandoned
149,2020-07-30 18:17:46.480939,,,,,,f,,{},34PGFRQONPKRPWNI4ON95PDJ8GGWJD,AssignmentAbandoned
150,2020-07-30 18:17:49.830201,,,,,,f,,{},3NL0RFNU0GWAREAGC3H2BCU53CHK4E,AssignmentAbandoned
151,2020-07-30 18:17:49.857385,,,,,,f,,{},39O5D9O87U17QKFOKCVLDOPRK3CC38,AssignmentAbandoned
152,2020-07-30 18:17:49.87996,,,,,,f,,{},33ISQZVXPQVV3KB7D56M6RTLQGPCC6,AssignmentAbandoned
153,2020-07-30 18:17:55.063914,,,,,,f,,{},3L2IS5HSFBRAGIPYOM00G893WKAUNG,AssignmentAccepted
154,2020-07-30 18:17:55.764324,,,,,,f,,{},3NL0RFNU0GWAREAGC3H2BCU53CHK4E,AssignmentAccepted
155,2020-07-30 18:18:01.119471,,,,,,f,,{},3CPLWGV3MP8CWQ1VQB59KCMPJZ0N9I,AssignmentAccepted
156,2020-07-30 18:18:04.327393,,,,,,f,,{},3YGXWBAF71QS8GYSKQ04NTHXY38C4T,AssignmentAccepted
157,2020-07-30 18:18:04.351251,,,,,,f,,{},34PGFRQONPKRPWNI4ON95PDJ8GGWJD,AssignmentAccepted
158,2020-07-30 18:18:06.624911,,,,,,f,,{},39O5D9O87U17QKFOKCVLDOPRK3CC38,AssignmentAccepted
159,2020-07-30 18:18:33.525194,,,,,,f,,{},33ISQZVXPQVV3KB7D56M6RTLQGPCC6,AssignmentAccepted
160,2020-07-30 18:19:58.18151,,,,,,f,,{},36NEMU28XGMHQ4T37L01LH50CABMW7,AssignmentAbandoned
161,2020-07-30 18:20:07.165003,,,,,,f,,{},3BXQMRHWK074Y04YCLL03TK3RU0UMG,AssignmentSubmitted
162,2020-07-30 18:20:22.271555,,,,,,f,,{},36NEMU28XGMHQ4T37L01LH50CABMW7,AssignmentAccepted
163,2020-07-30 18:20:25.453728,,,,,,f,,{},3M23Y66PO3GMUKR200JJZW5TGX0S6O,AssignmentSubmitted
164,2020-07-30 18:20:40.812663,,,,,,f,,{},39O5D9O87U17QKFOKCVLDOPRK3CC38,AssignmentReturned
165,2020-07-30 18:20:54.642848,,,,,,f,,{},39O5D9O87U17QKFOKCVLDOPRK3CC38,AssignmentAccepted
166,2020-07-30 18:24:40.77219,,,,,,f,,{},34T446B1C1NB9SGR1PD2BQRKHRSC0D,AssignmentReturned
167,2020-07-30 18:24:57.221538,,,,,,f,,{},34T446B1C1NB9SGR1PD2BQRKHRSC0D,AssignmentAccepted
168,2020-07-30 18:26:14.269761,,,,,,f,,{},3L2IS5HSFBRAGIPYOM00G893WKAUNG,AssignmentReturned
169,2020-07-30 18:27:06.511823,,,,,,f,,{},3MRNMEIQW6FYBGBRQEUWTG1Q5Q9DLJ,AssignmentAccepted
170,2020-07-30 18:27:34.26003,,,,,,f,,{},3QY7M81QH8V7A1SZE1F9EOEFUE7K7Y,AssignmentSubmitted
171,2020-07-30 18:27:58.164115,,,,,,f,,{},3VHP9MDGROT26WVH47WNEXEONTHFCK,AssignmentReturned
172,2020-07-30 18:28:18.073265,,,,,,f,,{},3VHP9MDGROT26WVH47WNEXEONTHFCK,AssignmentAccepted
173,2020-07-30 18:28:44.57386,,,,,,f,,"{""feedback"": ""default"", ""error_text"": ""There has been an error and so you are unable to continue, sorry!"", ""error_type"": ""default"", ""request_data"": {""data"": ""{}"", ""route"": ""/node/52"", ""hit_id"": ""3NQUW096N6HKM60GOVKTI1NDCQ7L9E"", ""method"": ""post"", ""worker_id"": ""A2A3IGLOU9F759"", ""participant_id"": null}}",34PGFRQONPKRPWNI4ON95PDJ8GGWJD,ExperimentError
174,2020-07-30 18:28:46.402073,,,,,,f,,{},34T446B1C1NB9SGR1PD2BQRKHRSC0D,AssignmentReturned
175,2020-07-30 18:28:48.329218,,,,,,f,,{},34T446B1C1NB9SGR1PD2BQRKHRSC0D,AssignmentAccepted
176,2020-07-30 18:29:36.504328,,,,,,f,,"{""feedback"": ""already_started_exp_mturk"", ""error_text"": ""There has been an error and so you are unable to continue, sorry!"", ""error_type"": ""already_started_exp_mturk"", ""request_data"": {""hit_id"": null, ""worker_id"": null, ""participant_id"": null}}",unknown,ExperimentError
177,2020-07-30 18:29:51.346336,,,,,,f,,{},34T446B1C1NB9SGR1PD2BQRKHRSC0D,AssignmentAccepted
178,2020-07-30 18:29:51.374317,,,,,,f,,{},34T446B1C1NB9SGR1PD2BQRKHRSC0D,AssignmentReturned
179,2020-07-30 18:30:26.921079,,,,,,f,,"{""feedback"": ""yes"", ""error_text"": ""There has been an error and so you are unable to continue, sorry!"", ""error_type"": ""already_started_exp_mturk"", ""request_data"": {""hit_id"": null, ""worker_id"": null, ""participant_id"": null}}",unknown,ExperimentError
180,2020-07-30 18:30:47.53808,,,,,,f,,{},33ISQZVXPQVV3KB7D56M6RTLQGPCC6,AssignmentSubmitted
181,2020-07-30 18:31:07.57267,,,,,,f,,{},3YGXWBAF71QS8GYSKQ04NTHXY38C4T,AssignmentSubmitted
182,2020-07-30 18:32:10.494425,,,,,,f,,{},3X65QVEQI1WO6O5DQIZL9AJ8KP3CLM,AssignmentSubmitted
183,2020-07-30 18:32:44.88313,,,,,,f,,{},3LOTDFNYA88BKU1MLYWOQRLRF9ZWFA,AssignmentReturned
184,2020-07-30 18:32:48.414312,,,,,,f,,"{""feedback"": ""I attempted to begin the survey and was sent to this page."", ""error_text"": ""There has been an error and so you are unable to continue, sorry!"", ""error_type"": ""default"", ""request_data"": {""data"": ""{}"", ""route"": ""/node/55"", ""hit_id"": ""3NQUW096N6HKM60GOVKTI1NDCQ7L9E"", ""method"": ""post"", ""worker_id"": ""A12HWPFXQPITHD"", ""participant_id"": null}}",3N4BPTXIO9198C4VR98KOGSZ2P5UKB,ExperimentError
185,2020-07-30 18:33:04.05387,,,,,,f,,{},3LOTDFNYA88BKU1MLYWOQRLRF9ZWFA,AssignmentAccepted
186,2020-07-30 18:33:05.878501,,,,,,f,,{},3N4BPTXIO9198C4VR98KOGSZ2P5UKB,AssignmentReturned
187,2020-07-30 18:33:18.978391,,,,,,f,,{},3N4BPTXIO9198C4VR98KOGSZ2P5UKB,AssignmentAccepted
188,2020-07-30 18:33:35.117083,,,,,,f,,"{""feedback"": ""I tried to enter the study after reading the instructions and got the error"", ""error_text"": ""There has been an error and so you are unable to continue, sorry!"", ""error_type"": ""default"", ""request_data"": {""data"": ""{}"", ""route"": ""/node/54"", ""hit_id"": ""3NQUW096N6HKM60GOVKTI1NDCQ7L9E"", ""method"": ""post"", ""worker_id"": ""A13WTEQ06V3B6D"", ""participant_id"": null}}",3M68NM076IGAT5RPLBJE9M0XUVN6RK,ExperimentError
189,2020-07-30 18:33:58.407764,,,,,,f,,{},3M68NM076IGAT5RPLBJE9M0XUVN6RK,AssignmentReturned
190,2020-07-30 18:34:39.000105,,,,,,f,,{},3SB5N7Y3O4DOQ4WW3B9L1HCZFKLG0U,AssignmentAccepted
191,2020-07-30 18:34:54.802667,,,,,,f,,{},3N4BPTXIO9198C4VR98KOGSZ2P5UKB,AssignmentReturned
192,2020-07-30 18:35:12.726129,,,,,,f,,{},3N4BPTXIO9198C4VR98KOGSZ2P5UKB,AssignmentAccepted
193,2020-07-30 18:35:27.302779,,,,,,f,,"{""feedback"": ""I really worried about the this error"", ""error_text"": ""There has been an error and so you are unable to continue, sorry!"", ""error_type"": ""default"", ""request_data"": {""data"": ""{}"", ""route"": ""/node/56"", ""hit_id"": ""3NQUW096N6HKM60GOVKTI1NDCQ7L9E"", ""method"": ""post"", ""worker_id"": ""AQEXW49YJBZGK"", ""participant_id"": null}}",36NEMU28XGMHQ4T37L01LH50CABMW7,ExperimentError
194,2020-07-30 18:35:40.876663,,,,,,f,,{},39O5D9O87U17QKFOKCVLDOPRK3CC38,AssignmentReturned
195,2020-07-30 18:35:43.513582,,,,,,f,,{},36NEMU28XGMHQ4T37L01LH50CABMW7,AssignmentReturned
196,2020-07-30 18:36:05.686198,,,,,,f,,{},36NEMU28XGMHQ4T37L01LH50CABMW7,AssignmentAccepted
197,2020-07-30 18:36:13.900757,,,,,,f,,{},3WQ3B2KGE9PS6C93J8L7EB4C4Z11B3,AssignmentAccepted
198,2020-07-30 18:38:06.921623,,,,,,f,,{},36NEMU28XGMHQ4T37L01LH50CABMW7,AssignmentReturned
199,2020-07-30 18:38:06.950088,,,,,,f,,{},36NEMU28XGMHQ4T37L01LH50CABMW7,AssignmentAccepted
202,2020-07-30 18:42:47.396311,,,,,,f,,{},3SB5N7Y3O4DOQ4WW3B9L1HCZFKLG0U,AssignmentReturned
203,2020-07-30 18:42:54.638657,,,,,,f,,{},3SB5N7Y3O4DOQ4WW3B9L1HCZFKLG0U,AssignmentAccepted
200,2020-07-30 18:40:40.664862,,,,,,f,,"{""feedback"": ""oince the hit is opened i got this error after giving agree"", ""error_text"": ""There has been an error and so you are unable to continue, sorry!"", ""error_type"": ""default"", ""request_data"": {""data"": ""{}"", ""route"": ""/node/61"", ""hit_id"": ""3NQUW096N6HKM60GOVKTI1NDCQ7L9E"", ""method"": ""post"", ""worker_id"": ""A1251G78LIS2M3"", ""participant_id"": null}}",3N4BPTXIO9198C4VR98KOGSZ2P5UKB,ExperimentError
201,2020-07-30 18:41:53.424586,,,,,,f,,"{""feedback"": ""once the hit is started got this error"", ""error_text"": ""There has been an error and so you are unable to continue, sorry!"", ""error_type"": ""already_started_exp_mturk"", ""request_data"": {""hit_id"": null, ""worker_id"": null, ""participant_id"": null}}",unknown,ExperimentError
204,2020-07-30 18:43:02.499021,,,,,,f,,{},3CPLWGV3MP8CWQ1VQB59KCMPJZ0N9I,AssignmentReturned
