id,creation_time,property1,property2,property3,property4,property5,failed,time_of_death,details,type,fingerprint_hash,recruiter_id,worker_id,assignment_id,unique_id,hit_id,mode,end_time,base_pay,bonus,status
40,2020-07-30 18:05:01.629799,,,,,,f,,{},participant,ae3ecf58c9df414d8b8dd807d46466f7,mturk,40,3M23Y66PO3GMUKR200JJZW5TGX0S6O,40:3M23Y66PO3GMUKR200JJZW5TGX0S6O,3NQUW096N6HKM60GOVKTI1NDCQ7L9E,live,2020-07-30 18:20:25.460563,1,1.8,approved
4,2020-07-30 17:18:19.434218,,,,,,f,,{},participant,d8cad39b573b3aaa3c8879779e8ae1f7,mturk,4,36NEMU28XGMHQ4T37L01LH50CABMW7,4:36NEMU28XGMHQ4T37L01LH50CABMW7,3NQUW096N6HKM60GOVKTI1NDCQ7L9E,live,2020-07-30 17:19:56.972044,,,returned
6,2020-07-30 17:20:57.132006,,,,,,f,,{},participant,7d3a05ccc2134d79e3b9af4d78aa74e8,mturk,6,33FBRBDW6P8TRHLUWTQH45X20P4C80,6:33FBRBDW6P8TRHLUWTQH45X20P4C80,3NQUW096N6HKM60GOVKTI1NDCQ7L9E,live,2020-07-30 17:21:50.133683,,,returned
10,2020-07-30 17:23:29.123413,,,,,,f,,{},participant,87d7db1a658412b7a1df8e478837da32,mturk,10,3UJ1CZ6IZIYQBGROVH9E7QRTK2PS58,10:3UJ1CZ6IZIYQBGROVH9E7QRTK2PS58,3NQUW096N6HKM60GOVKTI1NDCQ7L9E,live,2020-07-30 17:27:24.27295,,,returned
9,2020-07-30 17:21:37.788716,,,,,,f,,{},participant,0557f010bff9573f2e150bf4e5467340,mturk,9,31QTRG6Q2UMR0CLGE2AHNIKBSNMPY5,9:31QTRG6Q2UMR0CLGE2AHNIKBSNMPY5,3NQUW096N6HKM60GOVKTI1NDCQ7L9E,live,2020-07-30 17:27:24.714995,1,1.39,approved
3,2020-07-30 17:18:17.795863,,,,,,f,,{},participant,22c896f105f96b676555a3020c3e8705,mturk,3,3TK8OJTYM2UAWIQB9RNXGJGHA6KPVW,3:3TK8OJTYM2UAWIQB9RNXGJGHA6KPVW,3NQUW096N6HKM60GOVKTI1NDCQ7L9E,live,2020-07-30 17:28:31.907897,1,1.48,approved
1,2020-07-30 17:17:53.412144,,,,,,f,,{},participant,4832c55d6d1b6002f9b60ef58201fab4,mturk,1,3DL65MZB8EOA0IVL9WCHWFTOBS2CEZ,1:3DL65MZB8EOA0IVL9WCHWFTOBS2CEZ,3NQUW096N6HKM60GOVKTI1NDCQ7L9E,live,2020-07-30 17:27:55.010896,1,1.84,approved
8,2020-07-30 17:21:26.980524,,,,,,f,,{},participant,0662db1fd513b022f66dcfa7d18b06d5,mturk,8,3X73LLYYQ2N5BWJEONT1XTKD2C8HN2,8:3X73LLYYQ2N5BWJEONT1XTKD2C8HN2,3NQUW096N6HKM60GOVKTI1NDCQ7L9E,live,2020-07-30 17:27:55.117259,1,1.7,approved
19,2020-07-30 17:33:57.125932,,,,,,f,,{},participant,f3620045e7f07b9fc68c2035c9f074d4,mturk,19,3N4BPTXIO9198C4VR98KOGSZ2P5UKB,19:3N4BPTXIO9198C4VR98KOGSZ2P5UKB,3NQUW096N6HKM60GOVKTI1NDCQ7L9E,live,2020-07-30 17:34:56.540975,,,returned
7,2020-07-30 17:21:23.142746,,,,,,f,,{},participant,70f3f3e9ce46b71a3b20c0161a44e98a,mturk,7,33FOTY3KENUBGH19X8H2PVAUMJYC1G,7:33FOTY3KENUBGH19X8H2PVAUMJYC1G,3NQUW096N6HKM60GOVKTI1NDCQ7L9E,live,2020-07-30 17:28:43.112505,1,1.24,approved
5,2020-07-30 17:18:52.471617,,,,,,f,,{},participant,88b9190dc480d15eaa0aea8f1728b6d6,mturk,5,3HL8HNGX46A08YOESNMWC7DGH8EF93,5:3HL8HNGX46A08YOESNMWC7DGH8EF93,3NQUW096N6HKM60GOVKTI1NDCQ7L9E,live,2020-07-30 17:28:43.198077,1,1.05,approved
12,2020-07-30 17:30:17.176121,,,,,,f,,{},participant,2904ec5ad583c186ca6aa0225eda7fa2,mturk,12,3UJ1CZ6IZIYQBGROVH9E7QRTK2PS58,12:3UJ1CZ6IZIYQBGROVH9E7QRTK2PS58,3NQUW096N6HKM60GOVKTI1NDCQ7L9E,live,2020-07-30 17:35:33.715089,,,returned
2,2020-07-30 17:18:07.811762,,,,,,f,,{},participant,92646b156ab9084450921cc0a468a42a,mturk,2,3SNVL38CI51DMINV5INKUA6TVPYCKJ,2:3SNVL38CI51DMINV5INKUA6TVPYCKJ,3NQUW096N6HKM60GOVKTI1NDCQ7L9E,live,2020-07-30 17:28:57.639648,1,1.55,approved
13,2020-07-30 17:30:23.2886,,,,,,f,,{},participant,520efecb36c0ed708ff42fa9310510d3,mturk,13,3JPSL1DZ5T8Q19B0IHJ9G7X9PHINAX,13:3JPSL1DZ5T8Q19B0IHJ9G7X9PHINAX,3NQUW096N6HKM60GOVKTI1NDCQ7L9E,live,2020-07-30 17:39:28.081982,1,1.62,approved
11,2020-07-30 17:27:49.145933,,,,,,f,,{},participant,0dd714ed6b7b32fffc9dfdeb626cd1bd,mturk,11,3QUO65DNQVXSY3PAP10DVX98MUFUOV,11:3QUO65DNQVXSY3PAP10DVX98MUFUOV,3NQUW096N6HKM60GOVKTI1NDCQ7L9E,live,2020-07-30 17:38:57.291782,1,2.04,approved
22,2020-07-30 17:35:53.325106,,,,,,f,,{},participant,77241beeeeeb93d2b7507eefd5ff6d44,mturk,22,3N4BPTXIO9198C4VR98KOGSZ2P5UKB,22:3N4BPTXIO9198C4VR98KOGSZ2P5UKB,3NQUW096N6HKM60GOVKTI1NDCQ7L9E,live,2020-07-30 17:40:18.342979,,,returned
27,2020-07-30 17:40:42.888404,,,,,,f,,{},participant,8b09391b1139b8b390b20d59fbb1653c,mturk,27,33SA9F9TRY3JEG1QQNCI890R38KWES,27:33SA9F9TRY3JEG1QQNCI890R38KWES,3NQUW096N6HKM60GOVKTI1NDCQ7L9E,live,2020-07-30 17:41:34.0692,,,returned
15,2020-07-30 17:31:28.743884,,,,,,f,,{},participant,7f52044ac4bcebf743f51accfdbde6c4,mturk,15,3M23Y66PO3GMUKR200JJZW5TGX0S6O,15:3M23Y66PO3GMUKR200JJZW5TGX0S6O,3NQUW096N6HKM60GOVKTI1NDCQ7L9E,live,2020-07-30 17:42:22.760268,,,returned
14,2020-07-30 17:31:17.098252,,,,,,f,,{},participant,3f384c394abe0eb86df4683dc5e3ad4a,mturk,14,3I02618YA1FAJ31B41DSKXEYWZBPU7,14:3I02618YA1FAJ31B41DSKXEYWZBPU7,3NQUW096N6HKM60GOVKTI1NDCQ7L9E,live,2020-07-30 17:42:47.886843,1,1.8,approved
16,2020-07-30 17:31:47.513189,,,,,,f,,{},participant,b23ba638f922f73b29c38d1f2b73a7ee,mturk,16,32RIADZISTD8FXNOHCQ42YLFK6US43,16:32RIADZISTD8FXNOHCQ42YLFK6US43,3NQUW096N6HKM60GOVKTI1NDCQ7L9E,live,2020-07-30 17:42:54.788183,1,2.09,approved
18,2020-07-30 17:33:37.114068,,,,,,f,,{},participant,24af9ac59f5ede9b3ef369ca77cbb671,mturk,18,3WT783CTPCQCTFJ1Z5ARV7N38VPCBZ,18:3WT783CTPCQCTFJ1Z5ARV7N38VPCBZ,3NQUW096N6HKM60GOVKTI1NDCQ7L9E,live,2020-07-30 17:43:40.197371,1,1.39,approved
17,2020-07-30 17:31:54.983911,,,,,,f,,{},participant,69f1a276cdda9c7268e4e4a60aefe4f2,mturk,17,39LNWE0K4V5I2HE7R6N8B0DMALGUI0,17:39LNWE0K4V5I2HE7R6N8B0DMALGUI0,3NQUW096N6HKM60GOVKTI1NDCQ7L9E,live,2020-07-30 17:43:51.952227,1,1.45,approved
30,2020-07-30 17:44:51.882489,,,,,,f,,{},participant,8ac542836f3995ea4c377e8819e46bf2,mturk,30,3J88R45B2H7207V696OF44D2QHSPXZ,30:3J88R45B2H7207V696OF44D2QHSPXZ,3NQUW096N6HKM60GOVKTI1NDCQ7L9E,live,2020-07-30 17:50:41.482102,,,returned
24,2020-07-30 17:36:23.389154,,,,,,f,,{},participant,577411a81390bb504b8f475f5a448b7f,mturk,24,34BBWHLWHBKVUL3CM629TOYJV1RWI1,24:34BBWHLWHBKVUL3CM629TOYJV1RWI1,3NQUW096N6HKM60GOVKTI1NDCQ7L9E,live,2020-07-30 17:48:33.411526,1,1.88,approved
23,2020-07-30 17:36:05.497516,,,,,,f,,{},participant,fc6ed378f91270db6b14220d2d547f57,mturk,23,340UGXU9DZANONY7QDMRQP3GINCUVX,23:340UGXU9DZANONY7QDMRQP3GINCUVX,3NQUW096N6HKM60GOVKTI1NDCQ7L9E,live,2020-07-30 17:48:55.184576,1,1.03,approved
26,2020-07-30 17:38:57.06035,,,,,,f,,{},participant,357baa781e3ab96108f1d928f4271cdf,mturk,26,3Z9WI9EOZ0X43QYBRA1L51398H3HKX,26:3Z9WI9EOZ0X43QYBRA1L51398H3HKX,3NQUW096N6HKM60GOVKTI1NDCQ7L9E,live,2020-07-30 17:55:32.626481,,,returned
29,2020-07-30 17:43:56.152754,,,,,,f,,{},participant,7f67ea8d84b52d3de6429eb716787570,mturk,29,33FBRBDW6P8TRHLUWTQH45X20P4C80,29:33FBRBDW6P8TRHLUWTQH45X20P4C80,3NQUW096N6HKM60GOVKTI1NDCQ7L9E,live,2020-07-30 17:53:46.933132,1,1.03,approved
37,2020-07-30 17:55:28.222626,,,,,,f,,{},participant,00439c016721e195a09df144857494d8,mturk,37,3URFVVM166R4X73HRABUBVGC6YIUZX,37:3URFVVM166R4X73HRABUBVGC6YIUZX,3NQUW096N6HKM60GOVKTI1NDCQ7L9E,live,2020-07-30 18:03:29.622983,1,1.51,approved
20,2020-07-30 17:35:32.126477,,,,,,f,,{},participant,05b2501f6a5d4401db1c50dd66bfd2c4,mturk,20,3LKC68YZ3BC5Q7EFK1FEDLU57AQWOW,20:3LKC68YZ3BC5Q7EFK1FEDLU57AQWOW,3NQUW096N6HKM60GOVKTI1NDCQ7L9E,live,2020-07-30 17:45:57.186857,1,1.74,approved
52,2020-07-30 18:27:42.939593,,,,,,f,,{},participant,07b539f700127431e6f93a22e3e33ffd,mturk,52,34PGFRQONPKRPWNI4ON95PDJ8GGWJD,52:34PGFRQONPKRPWNI4ON95PDJ8GGWJD,3NQUW096N6HKM60GOVKTI1NDCQ7L9E,live,,,,working
21,2020-07-30 17:35:32.662515,,,,,,f,,{},participant,35aa39eb0acdf996bf479de9a6d666b7,mturk,21,3MHW492WW1M4BFTYHBV5ZFMM519MVX,21:3MHW492WW1M4BFTYHBV5ZFMM519MVX,3NQUW096N6HKM60GOVKTI1NDCQ7L9E,live,2020-07-30 17:46:44.923804,1,1.49,approved
32,2020-07-30 17:51:03.938121,,,,,,f,,{},participant,a6c1ff132818a5014de363468b5e25e6,mturk,32,3SKEMFQBZ4EBAFXIO67FSOAA5YDK8L,32:3SKEMFQBZ4EBAFXIO67FSOAA5YDK8L,3NQUW096N6HKM60GOVKTI1NDCQ7L9E,live,2020-07-30 18:02:46.222289,1,1.59,approved
34,2020-07-30 17:54:00.374787,,,,,,f,,{},participant,9d777d196cd246acb0e0e5d2d35c6380,mturk,34,35K3O9HUACMH3UFV0Y2I4LER85UFED,34:35K3O9HUACMH3UFV0Y2I4LER85UFED,3NQUW096N6HKM60GOVKTI1NDCQ7L9E,live,2020-07-30 18:02:46.308266,1,1.74,approved
28,2020-07-30 17:42:09.702495,,,,,,f,,{},participant,5c9170fade7cfc570893165082c3dfb1,mturk,28,3IRIK4HM3BT6N3263ETJKR1BUUEC6E,28:3IRIK4HM3BT6N3263ETJKR1BUUEC6E,3NQUW096N6HKM60GOVKTI1NDCQ7L9E,live,2020-07-30 17:53:45.871225,1,1.4,approved
31,2020-07-30 17:46:23.023308,,,,,,f,,{},participant,9aa697639a0462c0b88a12d4c6b020e6,mturk,31,3BXQMRHWK074Y04YCLL03TK3RU0MU8,31:3BXQMRHWK074Y04YCLL03TK3RU0MU8,3NQUW096N6HKM60GOVKTI1NDCQ7L9E,live,2020-07-30 17:54:22.273261,1,1.23,approved
36,2020-07-30 17:54:30.960087,,,,,,f,,{},participant,a971b5e7fe20d34bedc192e4c4348138,mturk,36,3L4D84MIL019S6ST9P194M3WTS3HJY,36:3L4D84MIL019S6ST9P194M3WTS3HJY,3NQUW096N6HKM60GOVKTI1NDCQ7L9E,live,2020-07-30 18:05:11.114459,1,2.47,approved
39,2020-07-30 18:00:21.089253,,,,,,f,,{},participant,8fd3b140a642be6b573ab24040614356,mturk,39,3SLE99ER0OMP18UBRJUZ65OOHDBBZX,39:3SLE99ER0OMP18UBRJUZ65OOHDBBZX,3NQUW096N6HKM60GOVKTI1NDCQ7L9E,live,2020-07-30 18:01:03.407462,,,returned
41,2020-07-30 18:06:57.456857,,,,,,f,,{},participant,e3c0f75496489c80a73e688378caac41,mturk,41,3VHP9MDGROT26WVH47WNEXEONTHFCK,41:3VHP9MDGROT26WVH47WNEXEONTHFCK,3NQUW096N6HKM60GOVKTI1NDCQ7L9E,live,2020-07-30 18:07:23.177408,,,returned
25,2020-07-30 17:38:49.801251,,,,,,f,,{},participant,632b80bf258c4e56fdbd64ab2b7e3fdd,mturk,25,3UJ1CZ6IZIYQBGROVH9E7QRTK2PS58,25:3UJ1CZ6IZIYQBGROVH9E7QRTK2PS58,3NQUW096N6HKM60GOVKTI1NDCQ7L9E,live,2020-07-30 18:08:01.269411,1,1.67,approved
38,2020-07-30 17:56:03.496321,,,,,,f,,{},participant,8f5bc1b675fa9d4a7e0171ee9f31c3a9,mturk,38,3IUZPWIU1PGM0GT0M9NL64DWN5GWKC,38:3IUZPWIU1PGM0GT0M9NL64DWN5GWKC,3NQUW096N6HKM60GOVKTI1NDCQ7L9E,live,2020-07-30 18:03:07.181683,1,1.62,approved
33,2020-07-30 17:52:10.709629,,,,,,f,,{},participant,a48b688e7bed08bbdba1287c984f2784,mturk,33,3P4RDNWND6F9O13DF7JU4Y4BT6UJI7,33:3P4RDNWND6F9O13DF7JU4Y4BT6UJI7,3NQUW096N6HKM60GOVKTI1NDCQ7L9E,live,2020-07-30 18:02:25.602129,1,2.18,approved
35,2020-07-30 17:54:18.708259,,,,,,f,,{},participant,3f9c30b0fc60214598ad1799361eab06,mturk,35,3QJOXOW4XK0N947CML6VZBY056EMEZ,35:3QJOXOW4XK0N947CML6VZBY056EMEZ,3NQUW096N6HKM60GOVKTI1NDCQ7L9E,live,2020-07-30 18:03:11.32965,1,1.51,approved
45,2020-07-30 18:12:40.559006,,,,,,f,,{},participant,f514bc3466f67ff33cb68c52f1a95a36,mturk,45,3F6KKYWMNCAOZGEC2RAB685FALVDN7,45:3F6KKYWMNCAOZGEC2RAB685FALVDN7,3NQUW096N6HKM60GOVKTI1NDCQ7L9E,live,2020-07-30 18:16:51.825453,,,returned
43,2020-07-30 18:10:11.879427,,,,,,f,,{},participant,68231201a894cf1e979eb34d2d28acf6,mturk,43,3YGXWBAF71QS8GYSKQ04NTHXY38C4T,43:3YGXWBAF71QS8GYSKQ04NTHXY38C4T,3NQUW096N6HKM60GOVKTI1NDCQ7L9E,live,2020-07-30 18:17:46.284419,,,abandoned
44,2020-07-30 18:11:14.496064,,,,,,f,,{},participant,494f841cc788b776cfcb92a5fa71a34b,mturk,44,3BXQMRHWK074Y04YCLL03TK3RU0UMG,44:3BXQMRHWK074Y04YCLL03TK3RU0UMG,3NQUW096N6HKM60GOVKTI1NDCQ7L9E,live,2020-07-30 18:20:07.171637,1,1.37,approved
50,2020-07-30 18:22:15.0322,,,,,,f,,{},participant,6f23b5ab144974f1715808e2da50f9f6,mturk,50,3JZQSN0I3RJFN8BM6TS64OZ3LL9FGU,50:3JZQSN0I3RJFN8BM6TS64OZ3LL9FGU,3NQUW096N6HKM60GOVKTI1NDCQ7L9E,live,,,,working
51,2020-07-30 18:26:28.609075,,,,,,f,,{},participant,6e32416b760172e6a10121c8b8a96aaa,mturk,51,3VHP9MDGROT26WVH47WNEXEONTHFCK,51:3VHP9MDGROT26WVH47WNEXEONTHFCK,3NQUW096N6HKM60GOVKTI1NDCQ7L9E,live,2020-07-30 18:27:58.170787,,,returned
42,2020-07-30 18:10:07.962969,,,,,,f,,{},participant,a064b553b239790448c204f34cc0aba3,mturk,42,3QY7M81QH8V7A1SZE1F9EOEFUE7K7Y,42:3QY7M81QH8V7A1SZE1F9EOEFUE7K7Y,3NQUW096N6HKM60GOVKTI1NDCQ7L9E,live,2020-07-30 18:27:34.266854,1,1.29,approved
55,2020-07-30 18:31:38.598239,,,,,,f,,{},participant,4d75330da6c9f03ec412a19704f6609b,mturk,55,3N4BPTXIO9198C4VR98KOGSZ2P5UKB,55:3N4BPTXIO9198C4VR98KOGSZ2P5UKB,3NQUW096N6HKM60GOVKTI1NDCQ7L9E,live,2020-07-30 18:33:05.887802,,,returned
53,2020-07-30 18:29:06.75746,,,,,,f,,{},participant,28b19f28519ca6d67649a101247bea8b,mturk,53,34T446B1C1NB9SGR1PD2BQRKHRSC0D,53:34T446B1C1NB9SGR1PD2BQRKHRSC0D,3NQUW096N6HKM60GOVKTI1NDCQ7L9E,live,2020-07-30 18:29:51.380782,,,returned
49,2020-07-30 18:21:47.521617,,,,,,f,,{},participant,b0a8178b9787fcea507c71ecf3da4f88,mturk,49,3LOTDFNYA88BKU1MLYWOQRLRF9ZWFA,49:3LOTDFNYA88BKU1MLYWOQRLRF9ZWFA,3NQUW096N6HKM60GOVKTI1NDCQ7L9E,live,2020-07-30 18:32:44.890475,,,returned
47,2020-07-30 18:19:55.467311,,,,,,f,,{},participant,3f69a6f497fd974b2510a033e07d8215,mturk,47,33ISQZVXPQVV3KB7D56M6RTLQGPCC6,47:33ISQZVXPQVV3KB7D56M6RTLQGPCC6,3NQUW096N6HKM60GOVKTI1NDCQ7L9E,live,2020-07-30 18:30:47.545067,1,1.67,approved
46,2020-07-30 18:19:09.758963,,,,,,f,,{},participant,26f084cf1fe9cc17f6bafa6c5ff74ad5,mturk,46,3YGXWBAF71QS8GYSKQ04NTHXY38C4T,46:3YGXWBAF71QS8GYSKQ04NTHXY38C4T,3NQUW096N6HKM60GOVKTI1NDCQ7L9E,live,2020-07-30 18:31:07.579569,1,1.58,approved
48,2020-07-30 18:19:59.73893,,,,,,f,,{},participant,6ef225fcdf8caec6a00d7bcffc3a9e3c,mturk,48,3X65QVEQI1WO6O5DQIZL9AJ8KP3CLM,48:3X65QVEQI1WO6O5DQIZL9AJ8KP3CLM,3NQUW096N6HKM60GOVKTI1NDCQ7L9E,live,2020-07-30 18:32:10.501192,1,1.82,approved
54,2020-07-30 18:29:28.803835,,,,,,f,,{},participant,8c93c7fec6304df8e3e1cc27fd3d86d9,mturk,54,3M68NM076IGAT5RPLBJE9M0XUVN6RK,54:3M68NM076IGAT5RPLBJE9M0XUVN6RK,3NQUW096N6HKM60GOVKTI1NDCQ7L9E,live,2020-07-30 18:33:58.414305,,,returned
56,2020-07-30 18:33:39.800661,,,,,,f,,{},participant,fabceade9d410fdcebcdcc2397dfe8ad,mturk,56,36NEMU28XGMHQ4T37L01LH50CABMW7,56:36NEMU28XGMHQ4T37L01LH50CABMW7,3NQUW096N6HKM60GOVKTI1NDCQ7L9E,live,2020-07-30 18:35:43.520071,,,returned
57,2020-07-30 18:34:30.123492,,,,,,f,,{},participant,c8090aa0b1423ae08417560cf3bf0ed0,mturk,57,3N4BPTXIO9198C4VR98KOGSZ2P5UKB,57:3N4BPTXIO9198C4VR98KOGSZ2P5UKB,3NQUW096N6HKM60GOVKTI1NDCQ7L9E,live,2020-07-30 18:34:54.80992,,,returned
58,2020-07-30 18:34:49.858941,,,,,,f,,{},participant,2cb031c68e54afa527e0fbeb91067368,mturk,58,39O5D9O87U17QKFOKCVLDOPRK3CC38,58:39O5D9O87U17QKFOKCVLDOPRK3CC38,3NQUW096N6HKM60GOVKTI1NDCQ7L9E,live,2020-07-30 18:35:40.884272,,,returned
61,2020-07-30 18:39:20.909223,,,,,,f,,{},participant,24de098b4f11954d3f4a43a8c225cea9,mturk,61,3N4BPTXIO9198C4VR98KOGSZ2P5UKB,61:3N4BPTXIO9198C4VR98KOGSZ2P5UKB,3NQUW096N6HKM60GOVKTI1NDCQ7L9E,live,,,,working
59,2020-07-30 18:36:02.898198,,,,,,f,,{},participant,df9982baaf2f03915f1042dbdef5e952,mturk,59,3SB5N7Y3O4DOQ4WW3B9L1HCZFKLG0U,59:3SB5N7Y3O4DOQ4WW3B9L1HCZFKLG0U,3NQUW096N6HKM60GOVKTI1NDCQ7L9E,live,2020-07-30 18:42:47.403265,,,returned
62,2020-07-30 18:42:47.859188,,,,,,f,,{},participant,860992672da449c1c6af3cb67cc5200a,mturk,62,3MRNMEIQW6FYBGBRQEUWTG1Q5Q9DLJ,62:3MRNMEIQW6FYBGBRQEUWTG1Q5Q9DLJ,3NQUW096N6HKM60GOVKTI1NDCQ7L9E,live,,,,working
60,2020-07-30 18:39:08.348173,,,,,,f,,{},participant,dcc2c076700df15b87ada2104cde00d1,mturk,60,3CPLWGV3MP8CWQ1VQB59KCMPJZ0N9I,60:3CPLWGV3MP8CWQ1VQB59KCMPJZ0N9I,3NQUW096N6HKM60GOVKTI1NDCQ7L9E,live,2020-07-30 18:43:02.506924,,,returned
