id,creation_time,property1,property2,property3,property4,property5,failed,time_of_death,details,type,participant_id,number,question,response
1,2020-07-30 17:27:00.116684,,,,,,f,,{},question,9,1,questionnaire,"{""moral"":""Very nice."",""behaviour"":""Interesting."",""understanding"":""9"",""Age"":""30"",""Gender"":""Female"",""Nationality"":""White""}"
2,2020-07-30 17:27:09.751586,,,,,,f,,{},question,1,1,questionnaire,"{""moral"":""Donate all to get maximum profits for all"",""behaviour"":""I wanted to earn as much as possible."",""understanding"":""10"",""Age"":""40"",""Gender"":""male"",""Nationality"":""White""}"
3,2020-07-30 17:27:39.890898,,,,,,f,,{},question,8,1,questionnaire,"{""moral"":""Most people would say you should donate some amount or perhaps a significant amount to the group fund."",""behaviour"":""I have participated in many experiments similar to this, and typically people do not donate a significant amount to the group fund, so I usually just don't bother donating either because I know that my donation won't be reciprocated by the rest of the group."",""understanding"":""10"",""Age"":""26"",""Gender"":""Male"",""Nationality"":""White""}"
4,2020-07-30 17:27:45.587643,,,,,,f,,{},question,7,1,questionnaire,"{""moral"":""You should be generous and contribute the amount that you think the others would contribute."",""behaviour"":""I randomly chose numbers because I wanted to see how much I would make depending on what I gave."",""understanding"":""10"",""Age"":""62"",""Gender"":""Female"",""Nationality"":""White""}"
5,2020-07-30 17:27:57.173864,,,,,,f,,{},question,3,1,questionnaire,"{""moral"":""I think most people would say that you should try and keep the most money for yourself."",""behaviour"":""I was hoping that everyone would give something, but at the same time I didn't expect much so I basically did the bare minimum."",""understanding"":""8"",""Age"":""25"",""Gender"":""Female"",""Nationality"":""Black""}"
6,2020-07-30 17:28:01.415348,,,,,,f,,{},question,5,1,questionnaire,"{""moral"":""Because of it was very likeable for all"",""behaviour"":""simple and smooth"",""understanding"":""8"",""Age"":""30"",""Gender"":""Male"",""Nationality"":""White""}"
7,2020-07-30 17:28:26.14678,,,,,,f,,{},question,2,1,questionnaire,"{""moral"":""To cooperate with the group."",""behaviour"":"""",""understanding"":""8"",""Age"":""27"",""Gender"":""Male"",""Nationality"":""White""}"
8,2020-07-30 17:38:33.967222,,,,,,f,,{},question,11,1,questionnaire,"{""moral"":""Not give more donation ."",""behaviour"":""Not give more donation ."",""understanding"":""8"",""Age"":""28"",""Gender"":""MALE"",""Nationality"":""Asian""}"
9,2020-07-30 17:39:14.997846,,,,,,f,,{},question,13,1,questionnaire,"{""moral"":""I think you should act fairly, and for the benefit of the group as a whole."",""behaviour"":""I think it was the best way for everyone to behave."",""understanding"":""10"",""Age"":""54"",""Gender"":""male"",""Nationality"":""White""}"
10,2020-07-30 17:42:24.008329,,,,,,f,,{},question,16,1,questionnaire,"{""moral"":""just follow the instruction of the game"",""behaviour"":""to make the correct answer"",""understanding"":""10"",""Age"":""35"",""Gender"":""Female"",""Nationality"":""White""}"
11,2020-07-30 17:42:29.040457,,,,,,f,,{},question,14,1,questionnaire,"{""moral"":""Most people would say you should always donate 10, that way everybody would earn a lot more"",""behaviour"":""At the beginning I thought that donating large amounts was the best way to go about it, but soon I realized not everyone was doing that, and I was losing money. Because of that, donating small sums seemed to be the best option."",""understanding"":""10"",""Age"":""20"",""Gender"":""Male"",""Nationality"":""Hispanic""}"
12,2020-07-30 17:42:37.022757,,,,,,f,,{},question,18,1,questionnaire,"{""moral"":""i think that is a correct answer so most of the people say thatq  "",""behaviour"":""i think that is a correct answer"",""understanding"":""9"",""Age"":""28"",""Gender"":""female"",""Nationality"":""White""}"
13,2020-07-30 17:43:07.984262,,,,,,f,,{},question,17,1,questionnaire,"{""moral"":""You should make choices that will benefit the group as a whole."",""behaviour"":""The group would earn the most money by contributing to the pot."",""understanding"":""10"",""Age"":""64"",""Gender"":""Female"",""Nationality"":""White""}"
14,2020-07-30 17:45:30.543423,,,,,,f,,{},question,20,1,questionnaire,"{""moral"":""Probably that you should contribute everything to the group."",""behaviour"":""To max my profit."",""understanding"":""9"",""Age"":""29"",""Gender"":""female"",""Nationality"":""White""}"
15,2020-07-30 17:46:20.635641,,,,,,f,,{},question,21,1,questionnaire,"{""moral"":""i would choose less value "",""behaviour"":""i choose constant amount "",""understanding"":""8"",""Age"":""25"",""Gender"":""MALE"",""Nationality"":""White""}"
16,2020-07-30 17:46:22.272106,,,,,,f,,{},question,23,1,questionnaire,"{""moral"":""Like you normally would behave."",""behaviour"":""In part 1, I responded as I thought most people would think.  In part 2, I responded as I normally would."",""understanding"":""10"",""Age"":""62"",""Gender"":""female"",""Nationality"":""White""}"
17,2020-07-30 17:47:46.048521,,,,,,f,,{},question,24,1,questionnaire,"{""moral"":""Most people think that one should be generous in this game "",""behaviour"":""I can not pretend to be something I  am not/"",""understanding"":""10"",""Age"":""33"",""Gender"":""male"",""Nationality"":""White""}"
18,2020-07-30 17:53:05.921069,,,,,,f,,{},question,26,1,questionnaire,"{""moral"":""donating zero gives highest personal return"",""behaviour"":""I wanted the highest return to myself as possible"",""understanding"":""9"",""Age"":""56"",""Gender"":""female"",""Nationality"":""White""}"
19,2020-07-30 17:53:10.507522,,,,,,f,,{},question,28,1,questionnaire,"{""moral"":""I think most people would have said not to share any of the money"",""behaviour"":""I chose to share some but not all of the money because I didn't want to lose money"",""understanding"":""5"",""Age"":""44"",""Gender"":""female"",""Nationality"":""White""}"
20,2020-07-30 17:53:19.577994,,,,,,f,,{},question,29,1,questionnaire,"{""moral"":""I’ll think most people would say you should be as generous as you can be, because it’s better for the greater good."",""behaviour"":""I started out donating generously, but I realized pretty quickly that nobody else was so I went to donating very little."",""understanding"":""10"",""Age"":""36"",""Gender"":""Male"",""Nationality"":""White""}"
21,2020-07-30 17:53:31.691802,,,,,,f,,{},question,31,1,questionnaire,"{""moral"":""For your best prediction."",""behaviour"":""How to choose other players."",""understanding"":""8"",""Age"":""28"",""Gender"":""Male"",""Nationality"":""White""}"
22,2020-07-30 18:01:33.398868,,,,,,f,,{},question,33,1,questionnaire,"{""moral"":""interested"",""behaviour"":""ood"",""understanding"":""7"",""Age"":""29"",""Gender"":""female"",""Nationality"":""White""}"
23,2020-07-30 18:02:22.344514,,,,,,f,,{},question,32,1,questionnaire,"{""moral"":""I behaved like a good samaritian giving away more money to others than taking for myself, They would say that I am a strong supporter. "",""behaviour"":""Because it felt good to give away more of my points than take back in, and I believe in the more you give the more you get back in return. "",""understanding"":""9"",""Age"":""30"",""Gender"":""Male "",""Nationality"":""White""}"
24,2020-07-30 18:02:23.572486,,,,,,f,,{},question,34,1,questionnaire,"{""moral"":""not fair"",""behaviour"":""very interesting"",""understanding"":""10"",""Age"":""27"",""Gender"":""male"",""Nationality"":""White""}"
25,2020-07-30 18:02:49.786274,,,,,,f,,{},question,38,1,questionnaire,"{""moral"":""Contribute to the group."",""behaviour"":""Trying to do well by the group."",""understanding"":""8"",""Age"":""60"",""Gender"":""male"",""Nationality"":""White""}"
26,2020-07-30 18:02:55.484421,,,,,,f,,{},question,37,1,questionnaire,"{""moral"":""I played maximally"",""behaviour"":""I played for the biggest personal benefit"",""understanding"":""9"",""Age"":""42"",""Gender"":""male"",""Nationality"":""White""}"
27,2020-07-30 18:02:56.33798,,,,,,f,,{},question,35,1,questionnaire,"{""moral"":""do good for the betterment of the group"",""behaviour"":""I just wanted to be a good guy for once."",""understanding"":""5"",""Age"":""31"",""Gender"":""male"",""Nationality"":""White""}"
28,2020-07-30 18:04:27.797011,,,,,,f,,{},question,36,1,questionnaire,"{""moral"":""I think most people would say that I should've contributed more of my money to the group."",""behaviour"":""I didn't contribute much to the group because I didn't believe that the other members would reciprocate and I would earn less because of that."",""understanding"":""10"",""Age"":""36"",""Gender"":""Male"",""Nationality"":""Hispanic""}"
29,2020-07-30 18:06:20.113585,,,,,,f,,{},question,25,1,questionnaire,"{""moral"":""The game choosing the correct and suitable words prediction."",""behaviour"":""I was selected to the answer."",""understanding"":""6"",""Age"":""48"",""Gender"":""Female"",""Nationality"":""White""}"
31,2020-07-30 18:19:54.522348,,,,,,f,,{},question,40,1,questionnaire,"{""moral"":""Group task but playing individually."",""behaviour"":""To maximize my profit"",""understanding"":""10"",""Age"":""26"",""Gender"":""Male"",""Nationality"":""Asian""}"
30,2020-07-30 18:19:20.33467,,,,,,f,,{},question,44,1,questionnaire,"{""moral"":""GOOD BEHAVEING"",""behaviour"":""I BEHAVE IN BETTER MANNER"",""understanding"":""8"",""Age"":""30"",""Gender"":""MALE"",""Nationality"":""Asian""}"
32,2020-07-30 18:27:09.31541,,,,,,f,,{},question,42,1,questionnaire,"{""moral"":""Playing well"",""behaviour"":""I am performed this game very well"",""understanding"":""8"",""Age"":""8"",""Gender"":""Female"",""Nationality"":""Hispanic""}"
33,2020-07-30 18:29:29.328053,,,,,,f,,{},question,49,1,questionnaire,"{""moral"":""very interesting"",""behaviour"":""i like this game"",""understanding"":""5"",""Age"":""42"",""Gender"":""male"",""Nationality"":""Prefer not to say""}"
36,2020-07-30 18:30:44.224287,,,,,,f,,{},question,48,1,questionnaire,"{""moral"":""No one will say anything "",""behaviour"":""I did the game by myself."",""understanding"":""5"",""Age"":""58"",""Gender"":""Male"",""Nationality"":""White""}"
34,2020-07-30 18:29:55.660693,,,,,,f,,{},question,47,1,questionnaire,"{""moral"":""obedient and concentrative"",""behaviour"":""concentrative"",""understanding"":""10"",""Age"":""26"",""Gender"":""male"",""Nationality"":""White""}"
35,2020-07-30 18:30:38.006747,,,,,,f,,{},question,46,1,questionnaire,"{""moral"":""sports is goal."",""behaviour"":""sports is ambition"",""understanding"":""9"",""Age"":""56"",""Gender"":""Male"",""Nationality"":""Black""}"
