id,creation_time,property1,property2,property3,property4,property5,failed,time_of_death,details,vector_id,info_id,origin_id,destination_id,network_id,receive_time,status
45,2019-11-15 17:48:18.634935,,,,,,f,,{},19,56,9,2,1,2019-11-15 17:49:39.425312,received
48,2019-11-15 17:49:39.40051,,,,,,f,,{},11,59,11,2,1,2019-11-15 17:49:39.425363,received
113,2019-11-15 18:04:57.916712,,,,,,f,,{},46,135,13,4,2,2019-11-15 18:05:57.03501,received
116,2019-11-15 18:05:57.008244,,,,,,f,,{},38,138,14,4,2,2019-11-15 18:05:57.035082,received
49,2019-11-15 17:49:51.669717,,,,,,f,,{},23,60,7,2,1,2019-11-15 17:50:00.117402,received
50,2019-11-15 17:49:52.340436,,,,,,f,,{},15,61,10,2,1,2019-11-15 17:50:00.117422,received
120,2019-11-15 18:06:12.408834,,,,,,f,,{},38,142,14,4,2,2019-11-15 18:06:12.432805,received
53,2019-11-15 17:50:12.193664,,,,,,f,,{},23,64,7,2,1,2019-11-15 17:50:17.327335,received
55,2019-11-15 17:50:14.187332,,,,,,f,,{},11,66,11,2,1,2019-11-15 17:50:17.327367,received
57,2019-11-15 17:50:29.51743,,,,,,f,,{},15,68,10,2,1,2019-11-15 17:50:35.887594,received
64,2019-11-15 17:50:53.223306,,,,,,f,,{},19,75,9,2,1,2019-11-15 17:50:53.246506,received
121,2019-11-15 18:06:24.104618,,,,,,f,,{},34,143,15,4,2,2019-11-15 18:06:27.506648,received
123,2019-11-15 18:06:26.578322,,,,,,f,,{},42,145,12,4,2,2019-11-15 18:06:27.506688,received
65,2019-11-15 17:51:06.392034,,,,,,f,,{},23,76,7,2,1,2019-11-15 17:51:07.021911,received
66,2019-11-15 17:51:06.478888,,,,,,f,,{},15,77,10,2,1,2019-11-15 17:51:07.021933,received
126,2019-11-15 18:06:40.462237,,,,,,f,,{},42,148,12,4,2,2019-11-15 18:06:41.737022,received
130,2019-11-15 18:06:54.207175,,,,,,f,,{},46,152,13,4,2,2019-11-15 18:06:55.861588,received
133,2019-11-15 18:07:08.38555,,,,,,f,,{},34,155,15,4,2,2019-11-15 18:07:10.187498,received
134,2019-11-15 18:07:08.914515,,,,,,f,,{},38,156,14,4,2,2019-11-15 18:07:10.187517,received
135,2019-11-15 18:07:09.149379,,,,,,f,,{},46,157,13,4,2,2019-11-15 18:07:10.18753,received
136,2019-11-15 18:07:10.158332,,,,,,f,,{},42,158,12,4,2,2019-11-15 18:07:10.187543,received
72,2019-11-15 18:01:56.324306,,,,,,t,2019-11-15 18:04:07.459283,{},6,80,3,12,2,2019-11-15 18:01:57.337289,received
85,2019-11-15 18:02:56.437507,,,,,,t,2019-11-15 18:04:07.459303,{},6,100,3,12,2,2019-11-15 18:02:56.95335,received
96,2019-11-15 18:03:22.764139,,,,,,t,2019-11-15 18:04:07.459317,{},6,110,3,12,2,2019-11-15 18:03:23.26274,received
108,2019-11-15 18:03:55.629342,,,,,,t,2019-11-15 18:04:07.45933,{},6,125,3,12,2,2019-11-15 18:03:55.731531,received
112,2019-11-15 18:04:05.687099,,,,,,t,2019-11-15 18:04:07.459344,{},6,130,3,12,2,2019-11-15 18:04:06.109778,received
69,2019-11-15 18:01:56.319267,,,,,,t,2019-11-15 18:04:07.477382,{},27,80,3,13,2,2019-11-15 18:01:57.000955,received
86,2019-11-15 18:02:56.43923,,,,,,t,2019-11-15 18:04:07.477402,{},27,100,3,13,2,2019-11-15 18:02:56.909327,received
93,2019-11-15 18:03:22.75915,,,,,,t,2019-11-15 18:04:07.477416,{},27,110,3,13,2,2019-11-15 18:03:23.723671,received
106,2019-11-15 18:03:55.626199,,,,,,t,2019-11-15 18:04:07.477429,{},27,125,3,13,2,2019-11-15 18:03:55.836851,received
110,2019-11-15 18:04:05.684109,,,,,,t,2019-11-15 18:04:07.477442,{},27,130,3,13,2,2019-11-15 18:04:06.135297,received
71,2019-11-15 18:01:56.322762,,,,,,t,2019-11-15 18:04:07.494953,{},28,80,3,14,2,2019-11-15 18:01:56.421331,received
88,2019-11-15 18:02:56.442167,,,,,,t,2019-11-15 18:04:07.494973,{},28,100,3,14,2,2019-11-15 18:02:57.217352,received
2,2019-11-15 17:45:05.925774,,,,,,t,2019-11-15 17:47:14.615725,{},1,1,1,7,1,2019-11-15 17:45:06.614586,received
5,2019-11-15 17:45:20.226824,,,,,,t,2019-11-15 17:47:14.615748,{},1,6,1,7,1,2019-11-15 17:45:20.263804,received
12,2019-11-15 17:45:37.20932,,,,,,t,2019-11-15 17:47:14.615762,{},1,11,1,7,1,2019-11-15 17:45:38.226125,received
15,2019-11-15 17:45:53.400138,,,,,,t,2019-11-15 17:47:14.615776,{},1,16,1,7,1,2019-11-15 17:45:53.511019,received
20,2019-11-15 17:46:01.715389,,,,,,t,2019-11-15 17:47:14.615789,{},1,21,1,7,1,2019-11-15 17:46:02.606868,received
21,2019-11-15 17:46:08.936682,,,,,,t,2019-11-15 17:47:14.615802,{},1,26,1,7,1,2019-11-15 17:46:09.051651,received
28,2019-11-15 17:46:24.27889,,,,,,t,2019-11-15 17:47:14.615815,{},1,31,1,7,1,2019-11-15 17:46:25.230668,received
32,2019-11-15 17:46:30.9098,,,,,,t,2019-11-15 17:47:14.615828,{},1,36,1,7,1,2019-11-15 17:46:31.159117,received
36,2019-11-15 17:46:42.977287,,,,,,t,2019-11-15 17:47:14.615841,{},1,41,1,7,1,2019-11-15 17:46:46.55612,received
37,2019-11-15 17:47:03.521226,,,,,,t,2019-11-15 17:47:14.615854,{},1,46,1,7,1,2019-11-15 17:47:03.639533,received
41,2019-11-15 17:47:12.970198,,,,,,t,2019-11-15 17:47:14.615867,{},1,51,1,7,1,2019-11-15 17:47:13.820877,received
1,2019-11-15 17:45:05.923071,,,,,,t,2019-11-15 17:47:14.634043,{},3,1,1,9,1,2019-11-15 17:45:07.168206,received
6,2019-11-15 17:45:20.228923,,,,,,t,2019-11-15 17:47:14.634063,{},3,6,1,9,1,2019-11-15 17:45:20.554331,received
10,2019-11-15 17:45:37.205723,,,,,,t,2019-11-15 17:47:14.634077,{},3,11,1,9,1,2019-11-15 17:45:37.695455,received
13,2019-11-15 17:45:53.396208,,,,,,t,2019-11-15 17:47:14.634091,{},3,16,1,9,1,2019-11-15 17:45:54.185433,received
19,2019-11-15 17:46:01.713864,,,,,,t,2019-11-15 17:47:14.634104,{},3,21,1,9,1,2019-11-15 17:46:02.116215,received
24,2019-11-15 17:46:08.941185,,,,,,t,2019-11-15 17:47:14.634117,{},3,26,1,9,1,2019-11-15 17:46:10.040857,received
27,2019-11-15 17:46:24.277456,,,,,,t,2019-11-15 17:47:14.634131,{},3,31,1,9,1,2019-11-15 17:46:24.946166,received
31,2019-11-15 17:46:30.90814,,,,,,t,2019-11-15 17:47:14.634144,{},3,36,1,9,1,2019-11-15 17:46:31.442543,received
35,2019-11-15 17:46:42.97567,,,,,,t,2019-11-15 17:47:14.634157,{},3,41,1,9,1,2019-11-15 17:46:44.213849,received
40,2019-11-15 17:47:03.526344,,,,,,t,2019-11-15 17:47:14.63417,{},3,46,1,9,1,2019-11-15 17:47:04.964566,received
42,2019-11-15 17:47:12.972575,,,,,,t,2019-11-15 17:47:14.634183,{},3,51,1,9,1,2019-11-15 17:47:13.883752,received
4,2019-11-15 17:45:05.929064,,,,,,t,2019-11-15 17:47:14.651627,{},4,1,1,10,1,2019-11-15 17:45:06.24474,received
7,2019-11-15 17:45:20.230694,,,,,,t,2019-11-15 17:47:14.651646,{},4,6,1,10,1,2019-11-15 17:45:20.869025,received
11,2019-11-15 17:45:37.207564,,,,,,t,2019-11-15 17:47:14.651661,{},4,11,1,10,1,2019-11-15 17:45:37.308294,received
16,2019-11-15 17:45:53.401727,,,,,,t,2019-11-15 17:47:14.651674,{},4,16,1,10,1,2019-11-15 17:45:53.610991,received
17,2019-11-15 17:46:01.710277,,,,,,t,2019-11-15 17:47:14.651687,{},4,21,1,10,1,2019-11-15 17:46:02.332134,received
22,2019-11-15 17:46:08.938246,,,,,,t,2019-11-15 17:47:14.6517,{},4,26,1,10,1,2019-11-15 17:46:08.980316,received
26,2019-11-15 17:46:24.275731,,,,,,t,2019-11-15 17:47:14.651714,{},4,31,1,10,1,2019-11-15 17:46:24.553778,received
30,2019-11-15 17:46:30.906314,,,,,,t,2019-11-15 17:47:14.651727,{},4,36,1,10,1,2019-11-15 17:46:31.275043,received
34,2019-11-15 17:46:42.97397,,,,,,t,2019-11-15 17:47:14.65174,{},4,41,1,10,1,2019-11-15 17:46:43.361161,received
38,2019-11-15 17:47:03.523148,,,,,,t,2019-11-15 17:47:14.651753,{},4,46,1,10,1,2019-11-15 17:47:03.689206,received
43,2019-11-15 17:47:12.974212,,,,,,t,2019-11-15 17:47:14.651766,{},4,51,1,10,1,2019-11-15 17:47:14.042188,received
3,2019-11-15 17:45:05.927465,,,,,,t,2019-11-15 17:47:14.67306,{},5,1,1,11,1,2019-11-15 17:45:06.333076,received
8,2019-11-15 17:45:20.232438,,,,,,t,2019-11-15 17:47:14.673096,{},5,6,1,11,1,2019-11-15 17:45:20.477182,received
9,2019-11-15 17:45:37.203567,,,,,,t,2019-11-15 17:47:14.673127,{},5,11,1,11,1,2019-11-15 17:45:38.537714,received
14,2019-11-15 17:45:53.398515,,,,,,t,2019-11-15 17:47:14.673203,{},5,16,1,11,1,2019-11-15 17:45:53.412608,received
18,2019-11-15 17:46:01.712126,,,,,,t,2019-11-15 17:47:14.673239,{},5,21,1,11,1,2019-11-15 17:46:02.509426,received
23,2019-11-15 17:46:08.939653,,,,,,t,2019-11-15 17:47:14.673271,{},5,26,1,11,1,2019-11-15 17:46:08.984258,received
25,2019-11-15 17:46:24.27385,,,,,,t,2019-11-15 17:47:14.673298,{},5,31,1,11,1,2019-11-15 17:46:24.401362,received
29,2019-11-15 17:46:30.904087,,,,,,t,2019-11-15 17:47:14.673344,{},5,36,1,11,1,2019-11-15 17:46:30.997902,received
33,2019-11-15 17:46:42.971793,,,,,,t,2019-11-15 17:47:14.673403,{},5,41,1,11,1,2019-11-15 17:46:43.976825,received
39,2019-11-15 17:47:03.524919,,,,,,t,2019-11-15 17:47:14.673433,{},5,46,1,11,1,2019-11-15 17:47:04.13023,received
44,2019-11-15 17:47:12.975763,,,,,,t,2019-11-15 17:47:14.673464,{},5,51,1,11,1,2019-11-15 17:47:13.116071,received
114,2019-11-15 18:05:33.362803,,,,,,f,,{},42,136,12,4,2,2019-11-15 18:05:57.035039,received
46,2019-11-15 17:48:31.301434,,,,,,f,,{},23,57,7,2,1,2019-11-15 17:49:39.425336,received
47,2019-11-15 17:48:38.159894,,,,,,f,,{},15,58,10,2,1,2019-11-15 17:49:39.425349,received
51,2019-11-15 17:49:54.848375,,,,,,f,,{},11,62,11,2,1,2019-11-15 17:50:00.117435,received
52,2019-11-15 17:50:00.092796,,,,,,f,,{},19,63,9,2,1,2019-11-15 17:50:00.117448,received
117,2019-11-15 18:06:09.482243,,,,,,f,,{},34,139,15,4,2,2019-11-15 18:06:12.432757,received
119,2019-11-15 18:06:11.354066,,,,,,f,,{},46,141,13,4,2,2019-11-15 18:06:12.432792,received
54,2019-11-15 17:50:13.28167,,,,,,f,,{},15,65,10,2,1,2019-11-15 17:50:17.327355,received
56,2019-11-15 17:50:17.301893,,,,,,f,,{},19,67,9,2,1,2019-11-15 17:50:17.32738,received
122,2019-11-15 18:06:25.930063,,,,,,f,,{},38,144,14,4,2,2019-11-15 18:06:27.506675,received
58,2019-11-15 17:50:29.546572,,,,,,f,,{},23,69,7,2,1,2019-11-15 17:50:35.887615,received
59,2019-11-15 17:50:31.033545,,,,,,f,,{},11,70,11,2,1,2019-11-15 17:50:35.887628,received
60,2019-11-15 17:50:35.863714,,,,,,f,,{},19,71,9,2,1,2019-11-15 17:50:35.88764,received
124,2019-11-15 18:06:27.482584,,,,,,f,,{},46,146,13,4,2,2019-11-15 18:06:27.506701,received
128,2019-11-15 18:06:41.713595,,,,,,f,,{},38,150,14,4,2,2019-11-15 18:06:41.737049,received
61,2019-11-15 17:50:47.661414,,,,,,f,,{},15,72,10,2,1,2019-11-15 17:50:53.246459,received
62,2019-11-15 17:50:47.762231,,,,,,f,,{},23,73,7,2,1,2019-11-15 17:50:53.24648,received
63,2019-11-15 17:50:50.22404,,,,,,f,,{},11,74,11,2,1,2019-11-15 17:50:53.246493,received
67,2019-11-15 17:51:06.869609,,,,,,f,,{},19,78,9,2,1,2019-11-15 17:51:07.021946,received
68,2019-11-15 17:51:06.997334,,,,,,f,,{},11,79,11,2,1,2019-11-15 17:51:07.021959,received
129,2019-11-15 18:06:53.586115,,,,,,f,,{},34,151,15,4,2,2019-11-15 18:06:55.861569,received
132,2019-11-15 18:06:55.838594,,,,,,f,,{},38,154,14,4,2,2019-11-15 18:06:55.861613,received
75,2019-11-15 18:02:13.736792,,,,,,t,2019-11-15 18:04:07.459357,{},6,85,3,12,2,2019-11-15 18:02:13.846854,received
77,2019-11-15 18:02:30.62522,,,,,,t,2019-11-15 18:04:07.45937,{},6,90,3,12,2,2019-11-15 18:02:31.443114,received
82,2019-11-15 18:02:46.18055,,,,,,t,2019-11-15 18:04:07.459384,{},6,95,3,12,2,2019-11-15 18:02:46.769734,received
92,2019-11-15 18:03:04.798404,,,,,,t,2019-11-15 18:04:07.459397,{},6,105,3,12,2,2019-11-15 18:03:05.828735,received
100,2019-11-15 18:03:32.077355,,,,,,t,2019-11-15 18:04:07.45941,{},6,115,3,12,2,2019-11-15 18:03:32.182668,received
103,2019-11-15 18:03:42.151306,,,,,,t,2019-11-15 18:04:07.459423,{},6,120,3,12,2,2019-11-15 18:03:42.181576,received
74,2019-11-15 18:02:13.735093,,,,,,t,2019-11-15 18:04:07.477456,{},27,85,3,13,2,2019-11-15 18:02:14.598959,received
78,2019-11-15 18:02:30.626839,,,,,,t,2019-11-15 18:04:07.477469,{},27,90,3,13,2,2019-11-15 18:02:31.19228,received
83,2019-11-15 18:02:46.182253,,,,,,t,2019-11-15 18:04:07.477483,{},27,95,3,13,2,2019-11-15 18:02:47.163495,received
89,2019-11-15 18:03:04.792972,,,,,,t,2019-11-15 18:04:07.477496,{},27,105,3,13,2,2019-11-15 18:03:05.489245,received
98,2019-11-15 18:03:32.074076,,,,,,t,2019-11-15 18:04:07.47751,{},27,115,3,13,2,2019-11-15 18:03:33.815855,received
102,2019-11-15 18:03:42.149693,,,,,,t,2019-11-15 18:04:07.477523,{},27,120,3,13,2,2019-11-15 18:03:42.686733,received
76,2019-11-15 18:02:13.738301,,,,,,t,2019-11-15 18:04:07.495026,{},28,85,3,14,2,2019-11-15 18:02:14.239548,received
79,2019-11-15 18:02:30.628619,,,,,,t,2019-11-15 18:04:07.495039,{},28,90,3,14,2,2019-11-15 18:02:32.539379,received
81,2019-11-15 18:02:46.178711,,,,,,t,2019-11-15 18:04:07.495052,{},28,95,3,14,2,2019-11-15 18:02:47.187401,received
91,2019-11-15 18:03:04.796774,,,,,,t,2019-11-15 18:04:07.495065,{},28,105,3,14,2,2019-11-15 18:03:05.414877,received
95,2019-11-15 18:03:22.762591,,,,,,t,2019-11-15 18:04:07.494987,{},28,110,3,14,2,2019-11-15 18:03:23.086541,received
97,2019-11-15 18:03:32.072079,,,,,,t,2019-11-15 18:04:07.495078,{},28,115,3,14,2,2019-11-15 18:03:32.57014,received
104,2019-11-15 18:03:42.152832,,,,,,t,2019-11-15 18:04:07.495092,{},28,120,3,14,2,2019-11-15 18:03:42.696523,received
105,2019-11-15 18:03:55.62438,,,,,,t,2019-11-15 18:04:07.495,{},28,125,3,14,2,2019-11-15 18:03:55.651843,received
111,2019-11-15 18:04:05.685604,,,,,,t,2019-11-15 18:04:07.495013,{},28,130,3,14,2,2019-11-15 18:04:05.881085,received
70,2019-11-15 18:01:56.321166,,,,,,t,2019-11-15 18:04:07.512595,{},29,80,3,15,2,2019-11-15 18:01:56.452534,received
73,2019-11-15 18:02:13.733269,,,,,,t,2019-11-15 18:04:07.51267,{},29,85,3,15,2,2019-11-15 18:02:14.802772,received
80,2019-11-15 18:02:30.629972,,,,,,t,2019-11-15 18:04:07.512683,{},29,90,3,15,2,2019-11-15 18:02:30.702177,received
84,2019-11-15 18:02:46.183868,,,,,,t,2019-11-15 18:04:07.512696,{},29,95,3,15,2,2019-11-15 18:02:46.321328,received
87,2019-11-15 18:02:56.440707,,,,,,t,2019-11-15 18:04:07.512616,{},29,100,3,15,2,2019-11-15 18:02:56.952662,received
90,2019-11-15 18:03:04.795095,,,,,,t,2019-11-15 18:04:07.512709,{},29,105,3,15,2,2019-11-15 18:03:04.954898,received
94,2019-11-15 18:03:22.761028,,,,,,t,2019-11-15 18:04:07.51263,{},29,110,3,15,2,2019-11-15 18:03:23.776242,received
99,2019-11-15 18:03:32.075728,,,,,,t,2019-11-15 18:04:07.512723,{},29,115,3,15,2,2019-11-15 18:03:33.188089,received
101,2019-11-15 18:03:42.147893,,,,,,t,2019-11-15 18:04:07.512736,{},29,120,3,15,2,2019-11-15 18:03:42.960564,received
107,2019-11-15 18:03:55.627817,,,,,,t,2019-11-15 18:04:07.512643,{},29,125,3,15,2,2019-11-15 18:03:56.478661,received
109,2019-11-15 18:04:05.682306,,,,,,t,2019-11-15 18:04:07.512657,{},29,130,3,15,2,2019-11-15 18:04:05.821318,received
115,2019-11-15 18:05:40.194256,,,,,,f,,{},34,137,15,4,2,2019-11-15 18:05:57.035067,received
118,2019-11-15 18:06:11.196198,,,,,,f,,{},42,140,12,4,2,2019-11-15 18:06:12.432779,received
125,2019-11-15 18:06:39.672573,,,,,,f,,{},34,147,15,4,2,2019-11-15 18:06:41.737003,received
127,2019-11-15 18:06:41.035625,,,,,,f,,{},46,149,13,4,2,2019-11-15 18:06:41.737035,received
131,2019-11-15 18:06:54.785905,,,,,,f,,{},42,153,12,4,2,2019-11-15 18:06:55.861601,received
