id,creation_time,property1,property2,property3,property4,property5,failed,time_of_death,details,type,max_size,full,role
7,2020-08-13 15:28:42.735429,"{""num_probes"": 4}",,,,,f,,{},Robin_Network,5,t,experiment
8,2020-08-13 15:28:42.737041,"{""num_probes"": 4}",,,,,f,,{},Robin_Network,4,t,experiment
1,2020-08-13 15:28:42.724743,"{""num_probes"": 4}",,,,,f,,{},Robin_Network,5,t,experiment
2,2020-08-13 15:28:42.727211,"{""num_probes"": 4}",,,,,f,,{},Robin_Network,5,t,experiment
10,2020-08-13 15:28:42.74024,"{""num_probes"": 4}",,,,,f,,{},Robin_Network,4,t,experiment
9,2020-08-13 15:28:42.738653,"{""num_probes"": 4}",,,,,f,,{},Robin_Network,1,t,experiment
3,2020-08-13 15:28:42.72891,"{""num_probes"": 4}",,,,,f,,{},Robin_Network,4,t,experiment
4,2020-08-13 15:28:42.730547,"{""num_probes"": 4}",,,,,f,,{},Robin_Network,5,t,experiment
5,2020-08-13 15:28:42.732153,"{""num_probes"": 4}",,,,,f,,{},Robin_Network,5,t,experiment
6,2020-08-13 15:28:42.733795,"{""num_probes"": 4}",,,,,f,,{},Robin_Network,4,t,experiment
