id,creation_time,property1,property2,property3,property4,property5,failed,time_of_death,details,assignment_id,event_type
1,2020-08-13 15:29:02.420916,,,,,,f,,{},36H9ULYP633PEA1NEZD911RJGDMFJX,AssignmentAccepted
2,2020-08-13 15:29:03.00818,,,,,,f,,{},3DOCMVPBTONXLS5PRLOE2DH9RODNNG,AssignmentAccepted
3,2020-08-13 15:29:03.041807,,,,,,f,,{},3MRNMEIQW6FYBGBRQEUWTG1Q8PBDLM,AssignmentAccepted
4,2020-08-13 15:29:03.169249,,,,,,f,,{},3KAKFY4PGVBY3N1OCMR7ORNM08SI3F,AssignmentAccepted
5,2020-08-13 15:29:03.198108,,,,,,f,,{},333U7HK6IAOSGQNRNTIJD1OY406DJK,AssignmentAccepted
6,2020-08-13 15:29:03.225618,,,,,,f,,{},36U2A8VAG28QPLO01A59R1YC1DCKYY,AssignmentAccepted
7,2020-08-13 15:29:03.366358,,,,,,f,,{},3YHH42UU5CO4CWAXE261E9H7E02L01,AssignmentAccepted
8,2020-08-13 15:29:03.394048,,,,,,f,,{},30LSNF239V49I5558MD25HIUUUSI24,AssignmentAccepted
9,2020-08-13 15:29:03.45148,,,,,,f,,{},392CY0QWG20JLJKSC0WQYWFSE8OI40,AssignmentAccepted
10,2020-08-13 15:29:04.205889,,,,,,f,,{},3X31TUMD7YV4JLVFALA1SE0HJS8L14,AssignmentAccepted
11,2020-08-13 15:29:04.233777,,,,,,f,,{},351SEKWQS1QIHYTCQQVBTTGF8U1DMO,AssignmentAccepted
12,2020-08-13 15:29:04.261618,,,,,,f,,{},3E13VNJ1NO42TKN9PIDO0Y8P2OEI1N,AssignmentAccepted
13,2020-08-13 15:29:04.289177,,,,,,f,,{},3P529IW9KZUV90PNHKPMHG4BK2RFLZ,AssignmentAccepted
14,2020-08-13 15:29:04.318255,,,,,,f,,{},3KMS4QQVK3ZKPU75WKDL2GRWV2MFKW,AssignmentAccepted
15,2020-08-13 15:29:04.345387,,,,,,f,,{},3HMVI3QICK1OJK2ET0ZRMM2DS7CY19,AssignmentAccepted
16,2020-08-13 15:29:04.373813,,,,,,f,,{},304SM51WA4DS0W8XWR0RACRLXY7SB8,AssignmentAccepted
17,2020-08-13 15:29:04.405037,,,,,,f,,{},3QRYMNZ7FZQVG5A9OHAQBCN1G6ZNTH,AssignmentAccepted
18,2020-08-13 15:29:04.434222,,,,,,f,,{},3VZLGYJEYMJWEBXCWFMHV2FG3GVZXT,AssignmentAccepted
19,2020-08-13 15:29:04.462778,,,,,,f,,{},3KYQYYSHYWG6H1EO36AOLX5K3UGDO3,AssignmentAccepted
20,2020-08-13 15:29:04.490581,,,,,,f,,{},37TD41K0AIIBA103ARWMLWX3FJ7SCF,AssignmentAccepted
21,2020-08-13 15:29:04.518687,,,,,,f,,{},3I0BTBYZAYUOCVHWXHVR8HJ3NF6Y06,AssignmentAccepted
22,2020-08-13 15:29:04.545798,,,,,,f,,{},3WEV0KO0ON1LFT6HANRX52FL0JJSDF,AssignmentAccepted
23,2020-08-13 15:29:05.210115,,,,,,f,,{},354GIDR5ZCFRF0LBP9KIGPPJB2S008,AssignmentAccepted
24,2020-08-13 15:29:05.726384,,,,,,f,,{},3E1QT0TDFQIK4K7UO3M3F8VXGUKI87,AssignmentAccepted
25,2020-08-13 15:29:05.773175,,,,,,f,,{},3EFE17QCRDE2R9BJWJANWNUJSBCSHO,AssignmentAccepted
26,2020-08-13 15:29:05.801246,,,,,,f,,{},3UWN2HHPUZEU15XUZH5017RFENLNSS,AssignmentAccepted
27,2020-08-13 15:29:05.828749,,,,,,f,,{},3UOUJI6MTENFSC32QSN9EA011YGUXZ,AssignmentAccepted
28,2020-08-13 15:29:06.008122,,,,,,f,,{},378XPAWRUDMYN809L16HBZ1S6IKIAB,AssignmentAccepted
29,2020-08-13 15:29:07.581027,,,,,,f,,{},3WMOAN2SRC6ATXEYTCA5CUBMDRFNVX,AssignmentAccepted
30,2020-08-13 15:29:07.615379,,,,,,f,,{},39GAF6DQWS97FQ79OPC7FNYJAQAV1X,AssignmentAccepted
31,2020-08-13 15:29:08.074734,,,,,,f,,{},3C6FJU71TR24SHTCVO9BXO7A34AUY5,AssignmentAccepted
32,2020-08-13 15:29:08.102091,,,,,,f,,{},3AUQQEL7U62781MRS6871IF95Y4V0U,AssignmentAccepted
33,2020-08-13 15:29:08.129125,,,,,,f,,{},336KAV9KYR1V85KAC4Z5R5CIKDQY2Q,AssignmentAccepted
34,2020-08-13 15:29:08.169646,,,,,,f,,{},34Q075JO1YMRMP6TLSOIUU8TGUY01B,AssignmentAccepted
35,2020-08-13 15:29:08.221051,,,,,,f,,{},3OF2M9AATHXQUBY5XW7S587E77GKZP,AssignmentAccepted
36,2020-08-13 15:29:08.412601,,,,,,f,,{},3AMW0RGHOEBXODH2701662M4R3ENPC,AssignmentAccepted
37,2020-08-13 15:29:08.963228,,,,,,f,,{},3TGOYF991YVNB897LNCMU31X7GZUU7,AssignmentAccepted
38,2020-08-13 15:29:09.358126,,,,,,f,,{},3IKZ72A5B5PLX0S8TX51U880PXRFN1,AssignmentAccepted
39,2020-08-13 15:29:09.387153,,,,,,f,,{},3JNQLM5FT5VB86DBTPAFXXAMBYML2L,AssignmentAccepted
40,2020-08-13 15:29:09.419262,,,,,,f,,{},3CFVK00FWMUZQ7WCGRMINARYR3OL62,AssignmentAccepted
41,2020-08-13 15:29:12.399074,,,,,,f,,{},3X3OR7WPZ09MULF096JG7ONPXYEL8O,AssignmentAccepted
42,2020-08-13 15:29:22.84114,,,,,,f,,{},3VBEN272ML8ORDG8CDS5BNIIDBZSGP,AssignmentAccepted
43,2020-08-13 15:29:22.880994,,,,,,f,,{},37KGEN7NJ4ZXRYTFNFEYARRZRIFPPA,AssignmentAccepted
44,2020-08-13 15:29:22.91016,,,,,,f,,{},3Y54SXRO1MU8BVUILIMCP7FVO2SUTG,AssignmentAccepted
45,2020-08-13 15:29:22.93662,,,,,,f,,{},3HWRJOOET6BQ7ZKH6I2HBKX60VKSE8,AssignmentAccepted
46,2020-08-13 15:29:22.962551,,,,,,f,,{},3KWTYT0871C373WYB8CDV4DYV8DL5M,AssignmentAccepted
47,2020-08-13 15:29:22.989563,,,,,,f,,{},3I02618YA1FAJ31B41DSKXEYZZ7PU6,AssignmentAccepted
48,2020-08-13 15:29:23.016393,,,,,,f,,{},3VZLGYJEYMJWEBXCWFMHV2FG3GVXZR,AssignmentAccepted
49,2020-08-13 15:29:23.043163,,,,,,f,,{},32AT8R96GMI7WVH3WIHMF2J9MJEUSR,AssignmentAccepted
50,2020-08-13 15:29:23.069725,,,,,,f,,{},30H4UDGLT3RR6VW2VZM6TNX4MD4PME,AssignmentAccepted
51,2020-08-13 15:30:46.324002,,,,,,f,,{},392CY0QWG20JLJKSC0WQYWFSE8OI40,AssignmentReturned
52,2020-08-13 15:31:00.273068,,,,,,f,,{},392CY0QWG20JLJKSC0WQYWFSE8OI40,AssignmentAccepted
53,2020-08-13 15:31:37.768033,,,,,,f,,{},3HWRJOOET6BQ7ZKH6I2HBKX60VKSE8,AssignmentReturned
54,2020-08-13 15:31:37.944629,,,,,,f,,{},3HWRJOOET6BQ7ZKH6I2HBKX60VKSE8,AssignmentAccepted
55,2020-08-13 15:31:49.519494,,,,,,f,,{},3UOUJI6MTENFSC32QSN9EA011YGUXZ,AssignmentReturned
56,2020-08-13 15:31:50.237471,,,,,,f,,{},3UOUJI6MTENFSC32QSN9EA011YGUXZ,AssignmentAccepted
57,2020-08-13 15:32:18.40179,,,,,,f,,{},3UOUJI6MTENFSC32QSN9EA011YGUXZ,AssignmentAccepted
58,2020-08-13 15:32:18.445904,,,,,,f,,{},3UOUJI6MTENFSC32QSN9EA011YGUXZ,AssignmentReturned
59,2020-08-13 15:32:24.544106,,,,,,f,,{},3P529IW9KZUV90PNHKPMHG4BK2RFLZ,AssignmentAccepted
60,2020-08-13 15:32:24.570932,,,,,,f,,{},3P529IW9KZUV90PNHKPMHG4BK2RFLZ,AssignmentReturned
61,2020-08-13 15:32:25.465658,,,,,,f,,{},3KWTYT0871C373WYB8CDV4DYV8DL5M,AssignmentReturned
62,2020-08-13 15:32:31.773733,,,,,,f,,{},3KWTYT0871C373WYB8CDV4DYV8DL5M,AssignmentAccepted
63,2020-08-13 15:35:54.104647,,,,,,f,,{},3KWTYT0871C373WYB8CDV4DYV8DL5M,AssignmentReturned
64,2020-08-13 15:35:54.149323,,,,,,f,,{},3KWTYT0871C373WYB8CDV4DYV8DL5M,AssignmentAccepted
65,2020-08-13 15:38:35.178069,,,,,,f,,{},351SEKWQS1QIHYTCQQVBTTGF8U1DMO,AssignmentSubmitted
66,2020-08-13 15:38:59.245072,,,,,,f,,{},3I02618YA1FAJ31B41DSKXEYZZ7PU6,AssignmentReturned
67,2020-08-13 15:39:33.451927,,,,,,f,,{},3I02618YA1FAJ31B41DSKXEYZZ7PU6,AssignmentAccepted
68,2020-08-13 15:39:54.792048,,,,,,f,,{},3I0BTBYZAYUOCVHWXHVR8HJ3NF6Y06,AssignmentSubmitted
69,2020-08-13 15:39:59.989497,,,,,,f,,{},3TGOYF991YVNB897LNCMU31X7GZUU7,AssignmentSubmitted
70,2020-08-13 15:40:57.769306,,,,,,f,,{},3OF2M9AATHXQUBY5XW7S587E77GKZP,AssignmentSubmitted
71,2020-08-13 15:41:13.015947,,,,,,f,,{},3UWN2HHPUZEU15XUZH5017RFENLNSS,AssignmentSubmitted
72,2020-08-13 15:41:19.611966,,,,,,f,,{},3CFVK00FWMUZQ7WCGRMINARYR3OL62,AssignmentSubmitted
73,2020-08-13 15:41:47.207803,,,,,,f,,{},3VZLGYJEYMJWEBXCWFMHV2FG3GVZXT,AssignmentSubmitted
74,2020-08-13 15:42:00.725707,,,,,,f,,{},3P529IW9KZUV90PNHKPMHG4BK2RFLZ,AssignmentSubmitted
75,2020-08-13 15:42:10.336025,,,,,,f,,{},3E13VNJ1NO42TKN9PIDO0Y8P2OEI1N,AssignmentSubmitted
76,2020-08-13 15:43:03.768678,,,,,,f,,{},3VBEN272ML8ORDG8CDS5BNIIDBZSGP,AssignmentSubmitted
77,2020-08-13 15:43:18.144279,,,,,,f,,{},30LSNF239V49I5558MD25HIUUUSI24,AssignmentReturned
78,2020-08-13 15:43:23.677968,,,,,,f,,{},3C6FJU71TR24SHTCVO9BXO7A34AUY5,AssignmentReturned
79,2020-08-13 15:43:23.852921,,,,,,f,,{},3C6FJU71TR24SHTCVO9BXO7A34AUY5,AssignmentAccepted
80,2020-08-13 15:43:25.50966,,,,,,f,,{},378XPAWRUDMYN809L16HBZ1S6IKIAB,AssignmentSubmitted
81,2020-08-13 15:43:25.616671,,,,,,f,,{},333U7HK6IAOSGQNRNTIJD1OY406DJK,AssignmentSubmitted
82,2020-08-13 15:43:25.841337,,,,,,f,,{},34Q075JO1YMRMP6TLSOIUU8TGUY01B,AssignmentSubmitted
83,2020-08-13 15:43:44.329268,,,,,,f,,{},3AMW0RGHOEBXODH2701662M4R3ENPC,AssignmentSubmitted
84,2020-08-13 15:43:50.916522,,,,,,f,,{},392CY0QWG20JLJKSC0WQYWFSE8OI40,AssignmentSubmitted
85,2020-08-13 15:43:54.015486,,,,,,f,,{},3LOTDFNYA88BKU1MLYWOQRLRI9YWFC,AssignmentAccepted
86,2020-08-13 15:44:57.046034,,,,,,f,,{},3KMS4QQVK3ZKPU75WKDL2GRWV2MFKW,AssignmentSubmitted
87,2020-08-13 15:44:57.135168,,,,,,f,,{},39GAF6DQWS97FQ79OPC7FNYJAQAV1X,AssignmentSubmitted
88,2020-08-13 15:44:59.494152,,,,,,f,,{},3QRYMNZ7FZQVG5A9OHAQBCN1G6ZNTH,AssignmentSubmitted
89,2020-08-13 15:46:03.295349,,,,,,f,,{},3KWTYT0871C373WYB8CDV4DYV8DL5M,AssignmentSubmitted
90,2020-08-13 15:46:27.024468,,,,,,f,,{},3E1QT0TDFQIK4K7UO3M3F8VXGUKI87,AssignmentReturned
91,2020-08-13 15:46:43.853482,,,,,,f,,{},3E1QT0TDFQIK4K7UO3M3F8VXGUKI87,AssignmentAccepted
92,2020-08-13 15:48:40.551575,,,,,,f,,{},3UOUJI6MTENFSC32QSN9EA011YGUXZ,AssignmentSubmitted
93,2020-08-13 15:50:46.575879,,,,,,f,,{},3HMVI3QICK1OJK2ET0ZRMM2DS7CY19,AssignmentSubmitted
94,2020-08-13 15:53:02.471397,,,,,,f,,{},354GIDR5ZCFRF0LBP9KIGPPJB2S008,AssignmentSubmitted
95,2020-08-13 15:53:08.411123,,,,,,f,,{},30H4UDGLT3RR6VW2VZM6TNX4MD4PME,AssignmentSubmitted
96,2020-08-13 15:53:17.402229,,,,,,f,,{},3KYQYYSHYWG6H1EO36AOLX5K3UGDO3,AssignmentReturned
97,2020-08-13 15:53:23.129903,,,,,,f,,{},3I02618YA1FAJ31B41DSKXEYZZ7PU6,AssignmentSubmitted
98,2020-08-13 15:53:23.265461,,,,,,f,,{},3IKZ72A5B5PLX0S8TX51U880PXRFN1,AssignmentSubmitted
99,2020-08-13 15:53:43.907667,,,,,,f,,{},3KYQYYSHYWG6H1EO36AOLX5K3UGDO3,AssignmentAccepted
100,2020-08-13 15:54:25.683315,,,,,,f,,{},3X31TUMD7YV4JLVFALA1SE0HJS8L14,AssignmentReturned
101,2020-08-13 15:54:39.881181,,,,,,f,,{},3X31TUMD7YV4JLVFALA1SE0HJS8L14,AssignmentAccepted
102,2020-08-13 15:54:42.444138,,,,,,f,,{},3Y54SXRO1MU8BVUILIMCP7FVO2SUTG,AssignmentReturned
103,2020-08-13 15:54:43.506743,,,,,,f,,{},3Y54SXRO1MU8BVUILIMCP7FVO2SUTG,AssignmentAccepted
104,2020-08-13 15:55:03.037752,,,,,,f,,{},3VZLGYJEYMJWEBXCWFMHV2FG3GVXZR,AssignmentReturned
105,2020-08-13 15:55:13.827886,,,,,,f,,{},3VZLGYJEYMJWEBXCWFMHV2FG3GVXZR,AssignmentAccepted
106,2020-08-13 15:55:14.350204,,,,,,f,,{},3E1QT0TDFQIK4K7UO3M3F8VXGUKI87,AssignmentReturned
107,2020-08-13 15:55:26.150499,,,,,,f,,{},3HWRJOOET6BQ7ZKH6I2HBKX60VKSE8,AssignmentSubmitted
108,2020-08-13 15:55:36.106059,,,,,,f,,{},3E1QT0TDFQIK4K7UO3M3F8VXGUKI87,AssignmentAccepted
109,2020-08-13 15:55:39.34629,,,,,,f,,{},3LOTDFNYA88BKU1MLYWOQRLRI9YWFC,AssignmentSubmitted
110,2020-08-13 15:55:49.143506,,,,,,f,,{},37KGEN7NJ4ZXRYTFNFEYARRZRIFPPA,AssignmentSubmitted
111,2020-08-13 15:55:56.12009,,,,,,f,,{},3WEV0KO0ON1LFT6HANRX52FL0JJSDF,AssignmentAccepted
112,2020-08-13 15:55:56.151343,,,,,,f,,{},3WEV0KO0ON1LFT6HANRX52FL0JJSDF,AssignmentReturned
113,2020-08-13 15:56:29.866941,,,,,,f,,{},32AT8R96GMI7WVH3WIHMF2J9MJEUSR,AssignmentAccepted
114,2020-08-13 15:56:31.846065,,,,,,f,,{},32AT8R96GMI7WVH3WIHMF2J9MJEUSR,AssignmentReturned
115,2020-08-13 15:58:05.959029,,,,,,f,,{},336KAV9KYR1V85KAC4Z5R5CIKDQY2Q,AssignmentReturned
116,2020-08-13 15:58:11.123766,,,,,,f,,{},336KAV9KYR1V85KAC4Z5R5CIKDQY2Q,AssignmentAccepted
117,2020-08-13 15:58:12.15009,,,,,,f,,{},3C6FJU71TR24SHTCVO9BXO7A34AUY5,AssignmentSubmitted
118,2020-08-13 15:59:08.616368,,,,,,f,,{},36H9ULYP633PEA1NEZD911RJGDMFJX,AssignmentAbandoned
119,2020-08-13 15:59:08.659361,,,,,,f,,{},3YHH42UU5CO4CWAXE261E9H7E02L01,AssignmentAbandoned
120,2020-08-13 15:59:08.68657,,,,,,f,,{},3WMOAN2SRC6ATXEYTCA5CUBMDRFNVX,AssignmentAbandoned
121,2020-08-13 15:59:09.679446,,,,,,f,,{},3JNQLM5FT5VB86DBTPAFXXAMBYML2L,AssignmentAbandoned
122,2020-08-13 15:59:14.9784,,,,,,f,,{},36U2A8VAG28QPLO01A59R1YC1DCKYY,AssignmentAbandoned
123,2020-08-13 15:59:15.005269,,,,,,f,,{},3KAKFY4PGVBY3N1OCMR7ORNM08SI3F,AssignmentAbandoned
124,2020-08-13 15:59:15.032073,,,,,,f,,{},3EFE17QCRDE2R9BJWJANWNUJSBCSHO,AssignmentAbandoned
125,2020-08-13 15:59:15.058578,,,,,,f,,{},36U2A8VAG28QPLO01A59R1YC1DCKYY,AssignmentAccepted
126,2020-08-13 15:59:15.682221,,,,,,f,,{},3JNQLM5FT5VB86DBTPAFXXAMBYML2L,AssignmentAccepted
127,2020-08-13 15:59:23.689604,,,,,,f,,{},37TD41K0AIIBA103ARWMLWX3FJ7SCF,AssignmentAbandoned
128,2020-08-13 15:59:23.746815,,,,,,f,,{},304SM51WA4DS0W8XWR0RACRLXY7SB8,AssignmentAbandoned
129,2020-08-13 15:59:23.783949,,,,,,f,,{},3X3OR7WPZ09MULF096JG7ONPXYEL8O,AssignmentAbandoned
130,2020-08-13 15:59:24.701623,,,,,,f,,{},3DOCMVPBTONXLS5PRLOE2DH9RODNNG,AssignmentAbandoned
131,2020-08-13 15:59:24.728694,,,,,,f,,{},3MRNMEIQW6FYBGBRQEUWTG1Q8PBDLM,AssignmentAbandoned
132,2020-08-13 15:59:26.646938,,,,,,f,,{},3EFE17QCRDE2R9BJWJANWNUJSBCSHO,AssignmentAccepted
133,2020-08-13 15:59:27.886668,,,,,,f,,{},3AUQQEL7U62781MRS6871IF95Y4V0U,AssignmentAbandoned
134,2020-08-13 15:59:27.937468,,,,,,f,,{},3AUQQEL7U62781MRS6871IF95Y4V0U,AssignmentAccepted
135,2020-08-13 15:59:33.44348,,,,,,f,,{},3X3OR7WPZ09MULF096JG7ONPXYEL8O,AssignmentAccepted
136,2020-08-13 15:59:33.470467,,,,,,f,,{},37TD41K0AIIBA103ARWMLWX3FJ7SCF,AssignmentAccepted
137,2020-08-13 15:59:33.497509,,,,,,f,,{},304SM51WA4DS0W8XWR0RACRLXY7SB8,AssignmentAccepted
138,2020-08-13 15:59:33.709712,,,,,,f,,{},36H9ULYP633PEA1NEZD911RJGDMFJX,AssignmentAccepted
139,2020-08-13 15:59:33.743875,,,,,,f,,{},3YHH42UU5CO4CWAXE261E9H7E02L01,AssignmentAccepted
140,2020-08-13 15:59:37.002333,,,,,,f,,{},3KAKFY4PGVBY3N1OCMR7ORNM08SI3F,AssignmentAccepted
141,2020-08-13 15:59:39.655234,,,,,,f,,{},3DOCMVPBTONXLS5PRLOE2DH9RODNNG,AssignmentAccepted
142,2020-08-13 15:59:39.69482,,,,,,f,,{},3MRNMEIQW6FYBGBRQEUWTG1Q8PBDLM,AssignmentAccepted
143,2020-08-13 15:59:57.771712,,,,,,f,,{},3VZLGYJEYMJWEBXCWFMHV2FG3GVXZR,AssignmentReturned
144,2020-08-13 16:00:03.85335,,,,,,f,,{},3EG49X351VLUQ1D1UAP6Y4MLYC56XG,AssignmentAccepted
145,2020-08-13 16:00:06.521475,,,,,,f,,{},3VZLGYJEYMJWEBXCWFMHV2FG3GVXZR,AssignmentAccepted
146,2020-08-13 16:00:16.305268,,,,,,f,,{},3AUQQEL7U62781MRS6871IF95Y4V0U,AssignmentReturned
147,2020-08-13 16:00:42.620033,,,,,,f,,{},3AUQQEL7U62781MRS6871IF95Y4V0U,AssignmentAccepted
148,2020-08-13 16:00:51.152027,,,,,,f,,{},3X3OR7WPZ09MULF096JG7ONPXYEL8O,AssignmentReturned
152,2020-08-13 16:04:02.413537,,,,,,f,,{},3Y54SXRO1MU8BVUILIMCP7FVO2SUTG,AssignmentAccepted
155,2020-08-13 16:05:28.55579,,,,,,f,,{},304SM51WA4DS0W8XWR0RACRLXY7SB8,AssignmentReturned
163,2020-08-13 16:07:43.725591,,,,,,f,,{},37TD41K0AIIBA103ARWMLWX3FJ7SCF,AssignmentReturned
166,2020-08-13 16:08:27.828051,,,,,,f,,{},32Q90QCQ1TUSJG7919TFKY6WJ1FEKL,AssignmentAccepted
171,2020-08-13 16:09:02.210692,,,,,,f,,{},3DOCMVPBTONXLS5PRLOE2DH9RODNNG,AssignmentReturned
149,2020-08-13 16:01:03.623836,,,,,,f,,{},3X3OR7WPZ09MULF096JG7ONPXYEL8O,AssignmentAccepted
153,2020-08-13 16:04:11.561766,,,,,,f,,{},3KYQYYSHYWG6H1EO36AOLX5K3UGDO3,AssignmentReturned
156,2020-08-13 16:05:28.597094,,,,,,f,,{},304SM51WA4DS0W8XWR0RACRLXY7SB8,AssignmentAccepted
164,2020-08-13 16:07:47.244518,,,,,,f,,{},3YHH42UU5CO4CWAXE261E9H7E02L01,AssignmentAccepted
167,2020-08-13 16:08:32.669793,,,,,,f,,{},3X3OR7WPZ09MULF096JG7ONPXYEL8O,AssignmentReturned
169,2020-08-13 16:08:46.090853,,,,,,f,,{},3KYQYYSHYWG6H1EO36AOLX5K3UGDO3,AssignmentAccepted
172,2020-08-13 16:09:03.239824,,,,,,f,,{},3DOCMVPBTONXLS5PRLOE2DH9RODNNG,AssignmentAccepted
150,2020-08-13 16:03:48.407079,,,,,,f,,{},3Y54SXRO1MU8BVUILIMCP7FVO2SUTG,AssignmentReturned
151,2020-08-13 16:03:49.771104,,,,,,f,,"{""feedback"": ""No player joined and automatically the page was unresponsive later got the error"", ""error_text"": ""There has been an error and so you are unable to continue, sorry!"", ""error_type"": ""default"", ""request_data"": {""data"": ""{}"", ""route"": ""/node/40"", ""hit_id"": ""3XABXM4AJ1EVZYXJB8MBZRRW2848QT"", ""method"": ""post"", ""worker_id"": ""A168TTLV04514B"", ""participant_id"": null}}",336KAV9KYR1V85KAC4Z5R5CIKDQY2Q,ExperimentError
154,2020-08-13 16:04:23.675903,,,,,,f,,{},3KYQYYSHYWG6H1EO36AOLX5K3UGDO3,AssignmentAccepted
157,2020-08-13 16:05:55.728593,,,,,,f,,"{""feedback"": ""I could not complete the hit as i got this error message"", ""error_text"": ""There has been an error and so you are unable to continue, sorry!"", ""error_type"": ""already_started_exp_mturk"", ""request_data"": {""hit_id"": null, ""worker_id"": null, ""participant_id"": null}}",unknown,ExperimentError
158,2020-08-13 16:06:33.139063,,,,,,f,,"{""feedback"": ""Suddenly got the error message"", ""error_text"": ""There has been an error and so you are unable to continue, sorry!"", ""error_type"": ""already_started_exp_mturk"", ""request_data"": {""hit_id"": null, ""worker_id"": null, ""participant_id"": null}}",unknown,ExperimentError
159,2020-08-13 16:06:43.276377,,,,,,f,,"{""feedback"": ""Error says I am unable to continue. It was at the very beginning of the task before any questions."", ""error_text"": ""There has been an error and so you are unable to continue, sorry!"", ""error_type"": ""default"", ""request_data"": {""data"": ""{}"", ""route"": ""/node/48"", ""hit_id"": ""3XABXM4AJ1EVZYXJB8MBZRRW2848QT"", ""method"": ""post"", ""worker_id"": ""A1Z1O6MMOB3UWW"", ""participant_id"": null}}",3KYQYYSHYWG6H1EO36AOLX5K3UGDO3,ExperimentError
160,2020-08-13 16:06:53.854325,,,,,,f,,"{""feedback"": ""I clicked on arrow after brief explanation page and got  error: \r\nError type: default\r\nHIT id: 3XABXM4AJ1EVZYXJB8MBZRRW2848QT\r\nAssignment id: 3YHH42UU5CO4CWAXE261E9H7E02L01\r\nWorker id: AOOLS8280CL0Z"", ""error_text"": ""There has been an error and so you are unable to continue, sorry!"", ""error_type"": ""default"", ""request_data"": {""data"": ""{}"", ""route"": ""/node/46"", ""hit_id"": ""3XABXM4AJ1EVZYXJB8MBZRRW2848QT"", ""method"": ""post"", ""worker_id"": ""AOOLS8280CL0Z"", ""participant_id"": null}}",3YHH42UU5CO4CWAXE261E9H7E02L01,ExperimentError
161,2020-08-13 16:07:25.725993,,,,,,f,,{},3YHH42UU5CO4CWAXE261E9H7E02L01,AssignmentReturned
162,2020-08-13 16:07:40.036141,,,,,,f,,"{""feedback"": ""this page directly show error message."", ""error_text"": ""There has been an error and so you are unable to continue, sorry!"", ""error_type"": ""default"", ""request_data"": {""data"": ""{}"", ""route"": ""/node/43"", ""hit_id"": ""3XABXM4AJ1EVZYXJB8MBZRRW2848QT"", ""method"": ""post"", ""worker_id"": ""AEXHG1UQMU5VF"", ""participant_id"": null}}",3DOCMVPBTONXLS5PRLOE2DH9RODNNG,ExperimentError
165,2020-08-13 16:08:13.274769,,,,,,f,,{},3KYQYYSHYWG6H1EO36AOLX5K3UGDO3,AssignmentReturned
168,2020-08-13 16:08:33.900202,,,,,,f,,{},3MRNMEIQW6FYBGBRQEUWTG1Q8PBDLM,AssignmentSubmitted
170,2020-08-13 16:08:46.127601,,,,,,f,,{},3X3OR7WPZ09MULF096JG7ONPXYEL8O,AssignmentAccepted
173,2020-08-13 16:09:12.284606,,,,,,f,,{},3VZLGYJEYMJWEBXCWFMHV2FG3GVXZR,AssignmentSubmitted
174,2020-08-13 16:09:53.826859,,,,,,f,,"{""feedback"": ""Hi,\r\nThis what the error which i got\r\n\r\nThere has been an error and so you are unable to continue, sorry!\r\n\r\nPlease let us know how you encountered this error using the form below.\r\n\r\n \r\nThis HIT will be marked as completed and you should be compensated automatically once the above form is submitted.\r\n\r\nTo enquire about compensation, please contact the researcher at robin.o.watson@durham.ac.uk and quote the following information.\r\n\r\nError type: already_started_exp_mturk\r\nHIT id:3ZCNYL2D66UIF5FE86T69MWFOG26M4\r\nAssignment id:\r\nWorker id:A168TTLV04514B\r\n\r\nUnable to submit the hit. Hope i would be compensated or re assigned\r\n\r\nThanks and regards \r\nVignesh S\r\n\r\n"", ""error_text"": ""There has been an error and so you are unable to continue, sorry!"", ""error_type"": ""already_started_exp_mturk"", ""request_data"": {""hit_id"": null, ""worker_id"": null, ""participant_id"": null}}",unknown,ExperimentError
175,2020-08-13 16:10:47.366576,,,,,,f,,"{""feedback"": ""I've been waited too long in the game session and it was expired automatically. Thank You!"", ""error_text"": """", ""error_type"": ""/node/transmissions GET server error"", ""request_data"": {""hit_id"": ""('3XABXM4AJ1EVZYXJB8MBZRRW2848QT',)"", ""worker_id"": ""A2M356EKYF9ZC8"", ""participant_id"": null}}","('3MRNMEIQW6FYBGBRQEUWTG1Q8PBDLM',)",ExperimentError
176,2020-08-13 16:11:21.851105,,,,,,f,,{},36U2A8VAG28QPLO01A59R1YC1DCKYY,AssignmentReturned
177,2020-08-13 16:11:38.330649,,,,,,f,,{},3JNQLM5FT5VB86DBTPAFXXAMBYML2L,AssignmentSubmitted
178,2020-08-13 16:11:59.176307,,,,,,f,,{},36U2A8VAG28QPLO01A59R1YC1DLYKL,AssignmentAccepted
179,2020-08-13 16:12:02.869378,,,,,,f,,{},336KAV9KYR1V85KAC4Z5R5CIKDQY2Q,AssignmentReturned
180,2020-08-13 16:12:11.656561,,,,,,f,,{},336KAV9KYR1V85KAC4Z5R5CIKDQY2Q,AssignmentAccepted
181,2020-08-13 16:13:20.826265,,,,,,f,,{},3X3OR7WPZ09MULF096JG7ONPXYEL8O,AssignmentReturned
182,2020-08-13 16:13:52.683064,,,,,,f,,"{""feedback"": ""The link is suddenly closed when opened"", ""error_text"": ""There has been an error and so you are unable to continue, sorry!"", ""error_type"": ""default"", ""request_data"": {""data"": ""{}"", ""route"": ""/node/50"", ""hit_id"": ""3XABXM4AJ1EVZYXJB8MBZRRW2848QT"", ""method"": ""post"", ""worker_id"": ""A26MAFUQLAD77V"", ""participant_id"": null}}",3AUQQEL7U62781MRS6871IF95Y4V0U,ExperimentError
183,2020-08-13 16:14:10.021376,,,,,,f,,{},3SNLUL3WO5WKSIMDC9KL3G5EUPGLUE,AssignmentAccepted
184,2020-08-13 16:14:26.213157,,,,,,f,,{},3AUQQEL7U62781MRS6871IF95Y4V0U,AssignmentReturned
185,2020-08-13 16:14:32.568454,,,,,,f,,{},3Y54SXRO1MU8BVUILIMCP7FVO2SUTG,AssignmentReturned
186,2020-08-13 16:14:42.466839,,,,,,f,,{},3AUQQEL7U62781MRS6871IF95Y4V0U,AssignmentAccepted
187,2020-08-13 16:14:51.787554,,,,,,f,,{},3Y54SXRO1MU8BVUILIMCP7FVO2SUTG,AssignmentAccepted
188,2020-08-13 16:16:09.960897,,,,,,f,,{},3X31TUMD7YV4JLVFALA1SE0HJS8L14,AssignmentReturned
189,2020-08-13 16:16:25.145268,,,,,,f,,{},3X31TUMD7YV4JLVFALA1SE0HJS8L14,AssignmentAccepted
190,2020-08-13 16:16:41.472803,,,,,,f,,{},3E1QT0TDFQIK4K7UO3M3F8VXGUKI87,AssignmentReturned
191,2020-08-13 16:17:00.531282,,,,,,f,,{},3E1QT0TDFQIK4K7UO3M3F8VXGUKI87,AssignmentAccepted
192,2020-08-13 16:17:37.836006,,,,,,f,,"{""feedback"": """", ""error_text"": ""There has been an error and so you are unable to continue, sorry!"", ""error_type"": ""default"", ""request_data"": {""data"": ""{}"", ""route"": ""/node/53"", ""hit_id"": ""3XABXM4AJ1EVZYXJB8MBZRRW2848QT"", ""method"": ""post"", ""worker_id"": ""A13WTEQ06V3B6D"", ""participant_id"": null}}",3E1QT0TDFQIK4K7UO3M3F8VXGUKI87,ExperimentError
193,2020-08-13 16:17:53.218171,,,,,,f,,"{""feedback"": ""thank you"", ""error_text"": ""There has been an error and so you are unable to continue, sorry!"", ""error_type"": ""already_started_exp_mturk"", ""request_data"": {""hit_id"": null, ""worker_id"": null, ""participant_id"": null}}",unknown,ExperimentError
194,2020-08-13 16:17:57.515285,,,,,,f,,{},3E1QT0TDFQIK4K7UO3M3F8VXGUKI87,AssignmentReturned
195,2020-08-13 16:18:11.983005,,,,,,f,,{},3E1QT0TDFQIK4K7UO3M3F8VXGUKI87,AssignmentAccepted
196,2020-08-13 16:18:16.300575,,,,,,f,,{},3Y54SXRO1MU8BVUILIMCP7FVO2SUTG,AssignmentReturned
197,2020-08-13 16:19:09.127214,,,,,,f,,{},3PPTZCWALRTC5EW0A1RP1UJN6DKQZZ,AssignmentAccepted
