id,creation_time,property1,property2,property3,property4,property5,failed,time_of_death,details,type,fingerprint_hash,recruiter_id,worker_id,assignment_id,unique_id,hit_id,mode,end_time,base_pay,bonus,status
34,2020-08-13 15:48:14.38875,,,,,,f,,{},participant,dbd93b47bb552681130c698a4fe33225,mturk,34,336KAV9KYR1V85KAC4Z5R5CIKDQY2Q,34:336KAV9KYR1V85KAC4Z5R5CIKDQY2Q,3XABXM4AJ1EVZYXJB8MBZRRW2848QT,live,2020-08-13 15:58:05.967983,,,returned
35,2020-08-13 15:50:33.504098,,,,,,f,,{},participant,b335271735481ded7d0eba9d765383bc,mturk,35,3MRNMEIQW6FYBGBRQEUWTG1Q8PBDLM,35:3MRNMEIQW6FYBGBRQEUWTG1Q8PBDLM,3XABXM4AJ1EVZYXJB8MBZRRW2848QT,live,2020-08-13 15:59:24.737055,,,abandoned
11,2020-08-13 15:32:57.449361,,,,,,f,,{},participant,e5b5007e7f16f2db3993022a77a39d18,mturk,11,3AUQQEL7U62781MRS6871IF95Y4V0U,11:3AUQQEL7U62781MRS6871IF95Y4V0U,3XABXM4AJ1EVZYXJB8MBZRRW2848QT,live,2020-08-13 15:59:27.895191,,,abandoned
7,2020-08-13 15:30:32.63465,,,,,,f,,{},participant,129d8545593a9e58687be43999a2fc4c,mturk,7,392CY0QWG20JLJKSC0WQYWFSE8OI40,7:392CY0QWG20JLJKSC0WQYWFSE8OI40,3XABXM4AJ1EVZYXJB8MBZRRW2848QT,live,2020-08-13 15:30:46.332569,,,returned
40,2020-08-13 15:59:15.308695,,,,,,f,,{},participant,0e629ba6eb9483ced9e54715c852dde8,mturk,40,336KAV9KYR1V85KAC4Z5R5CIKDQY2Q,40:336KAV9KYR1V85KAC4Z5R5CIKDQY2Q,3XABXM4AJ1EVZYXJB8MBZRRW2848QT,live,2020-08-13 16:12:02.878397,,,returned
23,2020-08-13 15:38:31.727515,,,,,,f,,{},participant,624dc0d9b5e89ef23bc9747f25013c68,mturk,23,3I02618YA1FAJ31B41DSKXEYZZ7PU6,23:3I02618YA1FAJ31B41DSKXEYZZ7PU6,3XABXM4AJ1EVZYXJB8MBZRRW2848QT,live,2020-08-13 15:38:59.253753,,,returned
3,2020-08-13 15:30:09.7561,,,,,,f,,{},participant,20071680ce32bcc47f3ecca7fcf58d9e,mturk,3,351SEKWQS1QIHYTCQQVBTTGF8U1DMO,3:351SEKWQS1QIHYTCQQVBTTGF8U1DMO,3XABXM4AJ1EVZYXJB8MBZRRW2848QT,live,2020-08-13 15:38:35.186871,1,2.06,approved
6,2020-08-13 15:30:14.673193,,,,,,f,,{},participant,171fd894a1bf2aead0cbce8474581e72,mturk,6,3I0BTBYZAYUOCVHWXHVR8HJ3NF6Y06,6:3I0BTBYZAYUOCVHWXHVR8HJ3NF6Y06,3XABXM4AJ1EVZYXJB8MBZRRW2848QT,live,2020-08-13 15:39:54.80051,1,1.55,approved
9,2020-08-13 15:31:42.947302,,,,,,f,,{},participant,69156a1a6dc398b527019c1de1926a83,mturk,9,3TGOYF991YVNB897LNCMU31X7GZUU7,9:3TGOYF991YVNB897LNCMU31X7GZUU7,3XABXM4AJ1EVZYXJB8MBZRRW2848QT,live,2020-08-13 15:39:59.997864,1,1.8,approved
4,2020-08-13 15:30:10.419073,,,,,,f,,{},participant,fe4e1a96f987c289f3ed847761cd9d5c,mturk,4,3OF2M9AATHXQUBY5XW7S587E77GKZP,4:3OF2M9AATHXQUBY5XW7S587E77GKZP,3XABXM4AJ1EVZYXJB8MBZRRW2848QT,live,2020-08-13 15:40:57.777775,1,1.85,approved
14,2020-08-13 15:33:56.526417,,,,,,f,,{},participant,29e57ce6a2ce202defeb4eb203135f95,mturk,14,3P529IW9KZUV90PNHKPMHG4BK2RFLZ,14:3P529IW9KZUV90PNHKPMHG4BK2RFLZ,3XABXM4AJ1EVZYXJB8MBZRRW2848QT,live,2020-08-13 15:42:00.734302,1,1.75,approved
1,2020-08-13 15:29:48.964811,,,,,,f,,{},participant,b3d83791bb2b3d2e501e9be8c8e20cff,mturk,1,3UWN2HHPUZEU15XUZH5017RFENLNSS,1:3UWN2HHPUZEU15XUZH5017RFENLNSS,3XABXM4AJ1EVZYXJB8MBZRRW2848QT,live,2020-08-13 15:41:13.024504,1,1.43,approved
2,2020-08-13 15:29:56.865605,,,,,,f,,{},participant,f8a6d3d0d20f5c54c6d8d6f8e5bb904b,mturk,2,3CFVK00FWMUZQ7WCGRMINARYR3OL62,2:3CFVK00FWMUZQ7WCGRMINARYR3OL62,3XABXM4AJ1EVZYXJB8MBZRRW2848QT,live,2020-08-13 15:41:19.620379,1,1.6,approved
5,2020-08-13 15:30:11.370982,,,,,,f,,{},participant,496b26be44b7542f6bb15cc795264700,mturk,5,3VZLGYJEYMJWEBXCWFMHV2FG3GVZXT,5:3VZLGYJEYMJWEBXCWFMHV2FG3GVZXT,3XABXM4AJ1EVZYXJB8MBZRRW2848QT,live,2020-08-13 15:41:47.216398,1,1.85,approved
17,2020-08-13 15:34:44.757517,,,,,,f,,{},participant,845963dd829cd60d82a2647fb08b8819,mturk,17,333U7HK6IAOSGQNRNTIJD1OY406DJK,17:333U7HK6IAOSGQNRNTIJD1OY406DJK,3XABXM4AJ1EVZYXJB8MBZRRW2848QT,live,2020-08-13 15:43:25.626155,1,1.3,approved
12,2020-08-13 15:33:07.995455,,,,,,f,,{},participant,9fa5c57d8b859d50b2fb6351a7c99bfd,mturk,12,3E13VNJ1NO42TKN9PIDO0Y8P2OEI1N,12:3E13VNJ1NO42TKN9PIDO0Y8P2OEI1N,3XABXM4AJ1EVZYXJB8MBZRRW2848QT,live,2020-08-13 15:42:10.345122,1,1.93,approved
15,2020-08-13 15:34:01.509393,,,,,,f,,{},participant,17a064fbf32e993cc8b7438c6cef0cea,mturk,15,3VBEN272ML8ORDG8CDS5BNIIDBZSGP,15:3VBEN272ML8ORDG8CDS5BNIIDBZSGP,3XABXM4AJ1EVZYXJB8MBZRRW2848QT,live,2020-08-13 15:43:03.777342,1,1.71,approved
26,2020-08-13 15:42:08.278501,,,,,,f,,{},participant,917dc73e59bc596132a79395a8ae1a3e,mturk,26,3C6FJU71TR24SHTCVO9BXO7A34AUY5,26:3C6FJU71TR24SHTCVO9BXO7A34AUY5,3XABXM4AJ1EVZYXJB8MBZRRW2848QT,live,2020-08-13 15:43:23.686203,,,returned
10,2020-08-13 15:32:29.181357,,,,,,f,,{},participant,baf33e64f9ff2738ca75cbda3a5b8dae,mturk,10,34Q075JO1YMRMP6TLSOIUU8TGUY01B,10:34Q075JO1YMRMP6TLSOIUU8TGUY01B,3XABXM4AJ1EVZYXJB8MBZRRW2848QT,live,2020-08-13 15:43:25.850677,1,1.64,approved
8,2020-08-13 15:30:58.081044,,,,,,f,,{},participant,cdacad2e85b6d152f19e568f36724aae,mturk,8,378XPAWRUDMYN809L16HBZ1S6IKIAB,8:378XPAWRUDMYN809L16HBZ1S6IKIAB,3XABXM4AJ1EVZYXJB8MBZRRW2848QT,live,2020-08-13 15:43:25.518246,1,1.97,approved
16,2020-08-13 15:34:20.434296,,,,,,f,,{},participant,049026ff6d38e3e1980c7b655f4e5eec,mturk,16,3AMW0RGHOEBXODH2701662M4R3ENPC,16:3AMW0RGHOEBXODH2701662M4R3ENPC,3XABXM4AJ1EVZYXJB8MBZRRW2848QT,live,2020-08-13 15:43:44.337662,1,1.25,approved
13,2020-08-13 15:33:52.767295,,,,,,f,,{},participant,1efa4164d6d2601e72e569cd9c2ff6d2,mturk,13,392CY0QWG20JLJKSC0WQYWFSE8OI40,13:392CY0QWG20JLJKSC0WQYWFSE8OI40,3XABXM4AJ1EVZYXJB8MBZRRW2848QT,live,2020-08-13 15:43:50.925283,1,1.88,approved
21,2020-08-13 15:37:56.023393,,,,,,f,,{},participant,aebb572d43d7395c9165fbd536ff8ce7,mturk,21,3QRYMNZ7FZQVG5A9OHAQBCN1G6ZNTH,21:3QRYMNZ7FZQVG5A9OHAQBCN1G6ZNTH,3XABXM4AJ1EVZYXJB8MBZRRW2848QT,live,2020-08-13 15:44:59.502411,1,1.33,approved
19,2020-08-13 15:37:07.69777,,,,,,f,,{},participant,4a1faf3f00cfb5f9fb5d0ec4a28b7d4a,mturk,19,3KWTYT0871C373WYB8CDV4DYV8DL5M,19:3KWTYT0871C373WYB8CDV4DYV8DL5M,3XABXM4AJ1EVZYXJB8MBZRRW2848QT,live,2020-08-13 15:46:03.304751,1,1.22,approved
29,2020-08-13 15:44:38.694979,,,,,,f,,{},participant,b43d7df4103cb79b1d4b6a9fd854f6be,mturk,29,3IKZ72A5B5PLX0S8TX51U880PXRFN1,29:3IKZ72A5B5PLX0S8TX51U880PXRFN1,3XABXM4AJ1EVZYXJB8MBZRRW2848QT,live,2020-08-13 15:53:23.274021,1,1.57,approved
30,2020-08-13 15:44:51.897765,,,,,,f,,{},participant,0fb3384f242749b1ad6d5663dafb10f5,mturk,30,30H4UDGLT3RR6VW2VZM6TNX4MD4PME,30:30H4UDGLT3RR6VW2VZM6TNX4MD4PME,3XABXM4AJ1EVZYXJB8MBZRRW2848QT,live,2020-08-13 15:53:08.420534,1,1.67,approved
28,2020-08-13 15:44:19.503873,,,,,,f,,{},participant,3b135cac1dfac9079dcc0f5fabd50376,mturk,28,3HWRJOOET6BQ7ZKH6I2HBKX60VKSE8,28:3HWRJOOET6BQ7ZKH6I2HBKX60VKSE8,3XABXM4AJ1EVZYXJB8MBZRRW2848QT,live,2020-08-13 15:55:26.159031,1,1.9,approved
47,2020-08-13 16:04:58.831376,,,,,,f,,{},participant,ef67f14511150f531e5f8a22b8467734,mturk,47,3X3OR7WPZ09MULF096JG7ONPXYEL8O,47:3X3OR7WPZ09MULF096JG7ONPXYEL8O,3XABXM4AJ1EVZYXJB8MBZRRW2848QT,live,2020-08-13 16:08:32.678679,,,returned
20,2020-08-13 15:37:34.50646,,,,,,f,,{},participant,de814c43189bbbc2b31a5cef0ad69ee9,mturk,20,3KMS4QQVK3ZKPU75WKDL2GRWV2MFKW,20:3KMS4QQVK3ZKPU75WKDL2GRWV2MFKW,3XABXM4AJ1EVZYXJB8MBZRRW2848QT,live,2020-08-13 15:44:57.054472,1,1.77,approved
18,2020-08-13 15:35:20.389803,,,,,,f,,{},participant,b664bbd9b67b24e3d3d621c00e50d28d,mturk,18,39GAF6DQWS97FQ79OPC7FNYJAQAV1X,18:39GAF6DQWS97FQ79OPC7FNYJAQAV1X,3XABXM4AJ1EVZYXJB8MBZRRW2848QT,live,2020-08-13 15:44:57.14364,1,1.46,approved
22,2020-08-13 15:38:02.662596,,,,,,f,,{},participant,f0d77d0c5cb57ac0769c5e4751d86ea4,mturk,22,3UOUJI6MTENFSC32QSN9EA011YGUXZ,22:3UOUJI6MTENFSC32QSN9EA011YGUXZ,3XABXM4AJ1EVZYXJB8MBZRRW2848QT,live,2020-08-13 15:48:40.560214,1,1.56,approved
25,2020-08-13 15:39:55.983008,,,,,,f,,{},participant,3fbd66462ce27d2d185012407a48f15e,mturk,25,3HMVI3QICK1OJK2ET0ZRMM2DS7CY19,25:3HMVI3QICK1OJK2ET0ZRMM2DS7CY19,3XABXM4AJ1EVZYXJB8MBZRRW2848QT,live,2020-08-13 15:50:46.590292,1,2.28,approved
31,2020-08-13 15:45:14.651122,,,,,,f,,{},participant,0ad840d0b2c0746485d7e1c8759a3766,mturk,31,3C6FJU71TR24SHTCVO9BXO7A34AUY5,31:3C6FJU71TR24SHTCVO9BXO7A34AUY5,3XABXM4AJ1EVZYXJB8MBZRRW2848QT,live,2020-08-13 15:58:12.158574,1,2.23,approved
24,2020-08-13 15:39:31.521402,,,,,,f,,{},participant,2c5db3645d82becec7cd3b9f3ca46f2d,mturk,24,354GIDR5ZCFRF0LBP9KIGPPJB2S008,24:354GIDR5ZCFRF0LBP9KIGPPJB2S008,3XABXM4AJ1EVZYXJB8MBZRRW2848QT,live,2020-08-13 15:53:02.480148,1,1.56,approved
27,2020-08-13 15:43:25.416388,,,,,,f,,{},participant,464dfa4c592d8be587fee63fa17625ea,mturk,27,3I02618YA1FAJ31B41DSKXEYZZ7PU6,27:3I02618YA1FAJ31B41DSKXEYZZ7PU6,3XABXM4AJ1EVZYXJB8MBZRRW2848QT,live,2020-08-13 15:53:23.138475,1,1.98,approved
37,2020-08-13 15:56:05.133544,,,,,,f,,{},participant,fbfaee91659815ab861e1f0768b00771,mturk,37,3VZLGYJEYMJWEBXCWFMHV2FG3GVXZR,37:3VZLGYJEYMJWEBXCWFMHV2FG3GVXZR,3XABXM4AJ1EVZYXJB8MBZRRW2848QT,live,2020-08-13 15:59:57.780445,,,returned
32,2020-08-13 15:45:19.967923,,,,,,f,,{},participant,10f690845593f68b1b26d5314990a84c,mturk,32,3LOTDFNYA88BKU1MLYWOQRLRI9YWFC,32:3LOTDFNYA88BKU1MLYWOQRLRI9YWFC,3XABXM4AJ1EVZYXJB8MBZRRW2848QT,live,2020-08-13 15:55:39.354936,1,1.65,approved
38,2020-08-13 15:56:47.704571,,,,,,f,,{},participant,58eaf4310d0821f753ab3959b8af222c,mturk,38,3Y54SXRO1MU8BVUILIMCP7FVO2SUTG,38:3Y54SXRO1MU8BVUILIMCP7FVO2SUTG,3XABXM4AJ1EVZYXJB8MBZRRW2848QT,live,2020-08-13 16:03:48.417881,,,returned
33,2020-08-13 15:45:35.355386,,,,,,f,,{},participant,aaef5490b84600c72b84b0b937b5b3cb,mturk,33,37KGEN7NJ4ZXRYTFNFEYARRZRIFPPA,33:37KGEN7NJ4ZXRYTFNFEYARRZRIFPPA,3XABXM4AJ1EVZYXJB8MBZRRW2848QT,live,2020-08-13 15:55:49.152166,1,1.65,approved
36,2020-08-13 15:51:17.499408,,,,,,f,,{},participant,2c385828570fefef3d7b27aba71999ba,mturk,36,3WEV0KO0ON1LFT6HANRX52FL0JJSDF,36:3WEV0KO0ON1LFT6HANRX52FL0JJSDF,3XABXM4AJ1EVZYXJB8MBZRRW2848QT,live,2020-08-13 15:55:56.159936,,,returned
45,2020-08-13 16:03:00.193438,,,,,,f,,{},participant,523c1cbaa517962437c1d87aa03d6809,mturk,45,304SM51WA4DS0W8XWR0RACRLXY7SB8,45:304SM51WA4DS0W8XWR0RACRLXY7SB8,3XABXM4AJ1EVZYXJB8MBZRRW2848QT,live,2020-08-13 16:05:28.564393,,,returned
46,2020-08-13 16:04:30.566833,,,,,,f,,{},participant,7334d8536b9f08da6bc1598a67996f97,mturk,46,3YHH42UU5CO4CWAXE261E9H7E02L01,46:3YHH42UU5CO4CWAXE261E9H7E02L01,3XABXM4AJ1EVZYXJB8MBZRRW2848QT,live,2020-08-13 16:07:25.734576,,,returned
48,2020-08-13 16:05:05.307407,,,,,,f,,{},participant,79aa45ca13c3d4eef661678cf210da5c,mturk,48,3KYQYYSHYWG6H1EO36AOLX5K3UGDO3,48:3KYQYYSHYWG6H1EO36AOLX5K3UGDO3,3XABXM4AJ1EVZYXJB8MBZRRW2848QT,live,2020-08-13 16:08:13.283233,,,returned
42,2020-08-13 16:00:00.574468,,,,,,f,,{},participant,a5b2973c6392c928bb6da12d8b0d6ae7,mturk,42,3JNQLM5FT5VB86DBTPAFXXAMBYML2L,42:3JNQLM5FT5VB86DBTPAFXXAMBYML2L,3XABXM4AJ1EVZYXJB8MBZRRW2848QT,live,2020-08-13 16:11:38.339751,1,1.84,approved
41,2020-08-13 15:59:54.69875,,,,,,f,,{},participant,5a0b8a1ba42c096f171706bf86b7c22b,mturk,41,3MRNMEIQW6FYBGBRQEUWTG1Q8PBDLM,41:3MRNMEIQW6FYBGBRQEUWTG1Q8PBDLM,3XABXM4AJ1EVZYXJB8MBZRRW2848QT,live,2020-08-13 16:08:33.909655,1,1.96,approved
43,2020-08-13 16:01:46.617222,,,,,,f,,{},participant,122cb22d1d267c86b3a9d32f56cf13a1,mturk,43,3DOCMVPBTONXLS5PRLOE2DH9RODNNG,43:3DOCMVPBTONXLS5PRLOE2DH9RODNNG,3XABXM4AJ1EVZYXJB8MBZRRW2848QT,live,2020-08-13 16:09:02.219523,,,returned
50,2020-08-13 16:13:12.121963,,,,,,f,,{},participant,0b13d9a803261cf8f809a7550031a5bc,mturk,50,3AUQQEL7U62781MRS6871IF95Y4V0U,50:3AUQQEL7U62781MRS6871IF95Y4V0U,3XABXM4AJ1EVZYXJB8MBZRRW2848QT,live,2020-08-13 16:14:26.278588,,,returned
44,2020-08-13 16:02:18.857444,,,,,,f,,{},participant,8e41a01c1e4ae44b4532c73cccd394cd,mturk,44,3VZLGYJEYMJWEBXCWFMHV2FG3GVXZR,44:3VZLGYJEYMJWEBXCWFMHV2FG3GVXZR,3XABXM4AJ1EVZYXJB8MBZRRW2848QT,live,2020-08-13 16:09:12.293082,1,1.46,approved
49,2020-08-13 16:12:10.770155,,,,,,f,,{},participant,33ca77bf2c120a26d9acc8f2632561af,mturk,49,3Y54SXRO1MU8BVUILIMCP7FVO2SUTG,49:3Y54SXRO1MU8BVUILIMCP7FVO2SUTG,3XABXM4AJ1EVZYXJB8MBZRRW2848QT,live,2020-08-13 16:14:32.577013,,,returned
39,2020-08-13 15:57:24.062469,,,,,,f,,{},participant,f2b254f5d8eb25f6eb292a22824274b6,mturk,39,3E1QT0TDFQIK4K7UO3M3F8VXGUKI87,39:3E1QT0TDFQIK4K7UO3M3F8VXGUKI87,3XABXM4AJ1EVZYXJB8MBZRRW2848QT,live,2020-08-13 16:16:41.48126,,,returned
52,2020-08-13 16:16:55.024934,,,,,,f,,{},participant,59d1cd93a93b118cb988db161cc2010c,mturk,52,336KAV9KYR1V85KAC4Z5R5CIKDQY2Q,52:336KAV9KYR1V85KAC4Z5R5CIKDQY2Q,3XABXM4AJ1EVZYXJB8MBZRRW2848QT,live,,,,working
53,2020-08-13 16:17:19.300718,,,,,,f,,{},participant,d94e2b2fb7ac4499805e541f36ae2e4e,mturk,53,3E1QT0TDFQIK4K7UO3M3F8VXGUKI87,53:3E1QT0TDFQIK4K7UO3M3F8VXGUKI87,3XABXM4AJ1EVZYXJB8MBZRRW2848QT,live,2020-08-13 16:17:57.523992,,,returned
51,2020-08-13 16:16:26.754227,,,,,,f,,{},participant,de6c0c7e62fddffc3afcc0ab151ecfb4,mturk,51,3Y54SXRO1MU8BVUILIMCP7FVO2SUTG,51:3Y54SXRO1MU8BVUILIMCP7FVO2SUTG,3XABXM4AJ1EVZYXJB8MBZRRW2848QT,live,2020-08-13 16:18:16.309316,,,returned
