id,creation_time,property1,property2,property3,property4,property5,failed,time_of_death,details,type,participant_id,number,question,response
1,2020-08-13 15:37:47.742802,,,,,,f,,{},question,3,1,questionnaire,"{""moral"":""No comments"",""behaviour"":""No comments"",""understanding"":""8"",""Age"":""29"",""Gender"":""Female"",""Nationality"":""Prefer not to say""}"
2,2020-08-13 15:38:24.079991,,,,,,f,,{},question,2,1,questionnaire,"{""moral"":""pay good attention"",""behaviour"":""I pay full attention"",""understanding"":""8"",""Age"":""27"",""Gender"":""male"",""Nationality"":""White""}"
3,2020-08-13 15:38:41.389309,,,,,,f,,{},question,6,1,questionnaire,"{""moral"":""average"",""behaviour"":""not sure"",""understanding"":""9"",""Age"":""57"",""Gender"":""female"",""Nationality"":""White""}"
4,2020-08-13 15:39:22.123817,,,,,,f,,{},question,9,1,questionnaire,"{""moral"":""He is the one which is mostly cooperative in the entire game"",""behaviour"":""I like to share much money to others"",""understanding"":""10"",""Age"":""28"",""Gender"":""Male"",""Nationality"":""White""}"
5,2020-08-13 15:39:41.790152,,,,,,f,,{},question,8,1,questionnaire,"{""moral"":""I think they think I should be helpful towards them as a group."",""behaviour"":""When I noticed I wasn't getting as much as I liked, even though I was being generous, I changed how I chose my amount."",""understanding"":""8"",""Age"":""36"",""Gender"":""female"",""Nationality"":""White""}"
6,2020-08-13 15:40:18.718849,,,,,,f,,{},question,4,1,questionnaire,"{""moral"":""GOOD"",""behaviour"":""\r\nI behaved well"",""understanding"":""5"",""Age"":""35"",""Gender"":""MALE"",""Nationality"":""Black""}"
7,2020-08-13 15:40:40.246458,,,,,,f,,{},question,1,1,questionnaire,"{""moral"":""I think most people would say we should cooperate, giving the most we feel we can afford to. At least, that's what I hope most people would say, and what most people I know would say!"",""behaviour"":""I believe totally in income/economic equality. I don't think there's been a game in which I had to \""share\"" points or money, where I didn't give all I could, trusting others to do the same. For the most part, it's worked out fine for me, and hopefully for the others. The only time I could imagine not doing this is if it was a game where I knew what the others were doing, and one or more of the others wasn't giving. In that case, I might change my \""strategy\"" to compensate for the fact that one or more members of the group was being greedy."",""understanding"":""9"",""Age"":""48"",""Gender"":""female"",""Nationality"":""White""}"
8,2020-08-13 15:41:08.231579,,,,,,f,,{},question,5,1,questionnaire,"{""moral"":""I think another participant supported me as well"",""behaviour"":""I answered all the questions like as benefits to both of them"",""understanding"":""5"",""Age"":""25"",""Gender"":""Male"",""Nationality"":""Asian""}"
9,2020-08-13 15:41:15.199099,,,,,,f,,{},question,14,1,questionnaire,"{""moral"":""na"",""behaviour"":""na"",""understanding"":""8"",""Age"":""30"",""Gender"":""female"",""Nationality"":""Asian""}"
10,2020-08-13 15:41:45.593979,,,,,,f,,{},question,12,1,questionnaire,"{""moral"":""I think most people would say you should donate a fair amount of money to the group to make sure the donations are over the minimum, at least. Everyone should donate as much as they are comfortable with."",""behaviour"":""I donated half of my money every time, except for the last trial where I donated all of it. I guessed that half was fair. If everyone donated half, we would be above the minimum and we would receive a bonus."",""understanding"":""10"",""Age"":""38"",""Gender"":""male"",""Nationality"":""White""}"
11,2020-08-13 15:42:04.087197,,,,,,f,,{},question,15,1,questionnaire,"{""moral"":"""",""behaviour"":"""",""understanding"":""5"",""Age"":""43"",""Gender"":""female"",""Nationality"":""White""}"
12,2020-08-13 15:42:35.276963,,,,,,f,,{},question,17,1,questionnaire,"{""moral"":""I think that most people would say that I should behave like I want to be treated"",""behaviour"":""I wanted to be fair"",""understanding"":""8"",""Age"":""34"",""Gender"":""female"",""Nationality"":""Black""}"
13,2020-08-13 15:43:01.112254,,,,,,f,,{},question,10,1,questionnaire,"{""moral"":""YES NICE ALL PEOPLE PLAY IN GOOD MANNER"",""behaviour"":""I PLAYED IN GOOD MANNER"",""understanding"":""9"",""Age"":""48"",""Gender"":""MALE"",""Nationality"":""Native American / Alaskan""}"
14,2020-08-13 15:43:02.759074,,,,,,f,,{},question,16,1,questionnaire,"{""moral"":""very good"",""behaviour"":""Excellent"",""understanding"":""5"",""Age"":""25"",""Gender"":""male"",""Nationality"":""White""}"
15,2020-08-13 15:43:18.372047,,,,,,f,,{},question,13,1,questionnaire,"{""moral"":""Most people would agree that putting forth a small amount by each member of the group will help achieve the goal."",""behaviour"":""I believed that most people would donate one or two points to the pot, so I did that."",""understanding"":""10"",""Age"":""47"",""Gender"":""female"",""Nationality"":""White""}"
16,2020-08-13 15:44:31.304777,,,,,,f,,{},question,19,1,questionnaire,"{""moral"":""good"",""behaviour"":""good"",""understanding"":""7"",""Age"":""25"",""Gender"":""male"",""Nationality"":""White""}"
17,2020-08-13 15:44:37.68993,,,,,,f,,{},question,21,1,questionnaire,"{""moral"":""gaming process"",""behaviour"":""interest"",""understanding"":""8"",""Age"":""30"",""Gender"":""female"",""Nationality"":""White""}"
18,2020-08-13 15:44:39.518944,,,,,,f,,{},question,18,1,questionnaire,"{""moral"":""share do help all"",""behaviour"":""I went up and down based on what i thought others were doing"",""understanding"":""10"",""Age"":""29"",""Gender"":""male"",""Nationality"":""Prefer not to say""}"
19,2020-08-13 15:44:41.034167,,,,,,f,,{},question,20,1,questionnaire,"{""moral"":""Not sure"",""behaviour"":""I tried to get the most points"",""understanding"":""3"",""Age"":""40"",""Gender"":""female"",""Nationality"":""Middle eastern or North African""}"
20,2020-08-13 15:48:07.30091,,,,,,f,,{},question,24,1,questionnaire,"{""moral"":""You should donate all the points in order to maximize everyone's profits"",""behaviour"":""Because I have some faith in humanity"",""understanding"":""10"",""Age"":""47"",""Gender"":""female"",""Nationality"":""White""}"
21,2020-08-13 15:48:27.729358,,,,,,f,,{},question,22,1,questionnaire,"{""moral"":""they should have gave more, because you would increase your money"",""behaviour"":""i wanted the highest pay out"",""understanding"":""5"",""Age"":""35"",""Gender"":""male"",""Nationality"":""White""}"
22,2020-08-13 15:50:18.022399,,,,,,f,,{},question,25,1,questionnaire,"{""moral"":""they have attractive yo the game"",""behaviour"":""i behave so nicely"",""understanding"":""6"",""Age"":""39"",""Gender"":""female"",""Nationality"":""White""}"
23,2020-08-13 15:52:33.730106,,,,,,f,,{},question,27,1,questionnaire,"{""moral"":""fair"",""behaviour"":""I did so"",""understanding"":""8"",""Age"":""35"",""Gender"":""male"",""Nationality"":""Asian""}"
24,2020-08-13 15:52:43.600526,,,,,,f,,{},question,30,1,questionnaire,"{""moral"":""It is tier own opinion on this game "",""behaviour"":""i like it to play"",""understanding"":""7"",""Age"":""25"",""Gender"":""male"",""Nationality"":""White""}"
25,2020-08-13 15:52:45.315242,,,,,,f,,{},question,29,1,questionnaire,"{""moral"":""Pretty cool"",""behaviour"":""Nice one"",""understanding"":""5"",""Age"":""32"",""Gender"":""Female"",""Nationality"":""White""}"
26,2020-08-13 15:54:35.289052,,,,,,f,,{},question,28,1,questionnaire,"{""moral"":""act in a way that favored me the biggest points gain"",""behaviour"":""To try to think like others"",""understanding"":""9"",""Age"":""25"",""Gender"":""femele"",""Nationality"":""White""}"
27,2020-08-13 15:55:25.152282,,,,,,f,,{},question,32,1,questionnaire,"{""moral"":""People think you should share to the common goal."",""behaviour"":""I wanted all of us to earn the highest amounts."",""understanding"":""10"",""Age"":""42"",""Gender"":""female"",""Nationality"":""White""}"
28,2020-08-13 15:55:38.482625,,,,,,f,,{},question,33,1,questionnaire,"{""moral"":""That you should add the full ten points each round"",""behaviour"":""I wanted to maximize everyone's payout...which would, in turn, benefit me as well"",""understanding"":""10"",""Age"":""45"",""Gender"":""Male"",""Nationality"":""White""}"
29,2020-08-13 15:57:14.846986,,,,,,f,,{},question,34,1,questionnaire,"{""moral"":""This game was very interesting and nice and mind ame"",""behaviour"":""This game was only for mind game "",""understanding"":""8"",""Age"":""67"",""Gender"":""Male"",""Nationality"":""White""}"
30,2020-08-13 15:57:41.738658,,,,,,f,,{},question,31,1,questionnaire,"{""moral"":""because of my future imaginations"",""behaviour"":""i like to behave in the game very much"",""understanding"":""4"",""Age"":""29"",""Gender"":""MALE"",""Nationality"":""Asian""}"
31,2020-08-13 16:08:21.907707,,,,,,f,,{},question,41,1,questionnaire,"{""moral"":""good"",""behaviour"":""think i play good"",""understanding"":""9"",""Age"":""35"",""Gender"":""male"",""Nationality"":""Asian""}"
32,2020-08-13 16:08:31.512218,,,,,,f,,{},question,44,1,questionnaire,"{""moral"":""To be cooperative with the team especially in the second round."",""behaviour"":""I wanted to make sure that there was a benefit by donating rather than receiving nothing."",""understanding"":""10"",""Age"":""38"",""Gender"":""Male"",""Nationality"":""White""}"
33,2020-08-13 16:10:13.777133,,,,,,f,,{},question,42,1,questionnaire,"{""moral"":""very nice"",""behaviour"":""very easy game"",""understanding"":""10"",""Age"":""35"",""Gender"":""male"",""Nationality"":""Black""}"
